event_hour,site_id,site_name,event_count,alert_count,avg_temperature_c,avg_battery_pct
2026-05-02 14:00:00,S001,Facility 1,9,1,25.033333333333335,38.5375
2026-05-02 14:00:00,S002,Facility 2,7,0,23.25714285714286,65.68333333333334
2026-05-02 14:00:00,S003,Facility 3,9,0,19.044444444444444,49.0125
2026-05-02 14:00:00,S004,Facility 4,6,0,20.283333333333335,54.52
2026-05-02 14:00:00,S005,Facility 5,4,0,22.4,56.666666666666664
2026-05-02 14:00:00,S006,Facility 6,2,1,18.25,38.099999999999994
2026-05-02 14:00:00,S007,Facility 7,3,0,22.53333333333333,47.05
2026-05-02 14:00:00,S008,Facility 8,6,2,20.75,62.550000000000004
2026-05-02 14:00:00,S009,Facility 9,5,0,19.3,56.8
2026-05-02 14:00:00,S010,Facility 10,3,0,22.5,66.7
2026-05-02 14:00:00,S011,Facility 11,4,0,21.4,32.45
2026-05-02 14:00:00,S012,Facility 12,5,0,18.68,71.68
2026-05-02 14:00:00,S013,Facility 13,3,1,18.866666666666664,35.36666666666667
2026-05-02 14:00:00,S014,Facility 14,1,1,21.5,85.8
2026-05-02 15:00:00,S001,Facility 1,9,1,19.866666666666667,58.27777777777778
2026-05-02 15:00:00,S002,Facility 2,5,0,23.2,29.46
2026-05-02 15:00:00,S003,Facility 3,7,1,22.557142857142857,51.17142857142857
2026-05-02 15:00:00,S004,Facility 4,3,0,22.7,54.0
2026-05-02 15:00:00,S005,Facility 5,3,0,20.533333333333335,37.266666666666666
2026-05-02 15:00:00,S006,Facility 6,2,1,19.0,50.1
2026-05-02 15:00:00,S007,Facility 7,3,1,19.133333333333333,26.666666666666668
2026-05-02 15:00:00,S008,Facility 8,8,0,22.375,40.528571428571425
2026-05-02 15:00:00,S009,Facility 9,9,2,21.41111111111111,63.25555555555555
2026-05-02 15:00:00,S010,Facility 10,6,0,23.0,60.48333333333333
2026-05-02 15:00:00,S011,Facility 11,5,1,23.56,38.239999999999995
2026-05-02 15:00:00,S012,Facility 12,9,2,23.1,44.714285714285715
2026-05-02 15:00:00,S013,Facility 13,8,1,20.375,44.82857142857143
2026-05-02 15:00:00,S014,Facility 14,8,2,23.425,44.375
2026-05-02 16:00:00,S001,Facility 1,12,3,22.5,35.93636363636364
2026-05-02 16:00:00,S002,Facility 2,2,0,22.3,48.25
2026-05-02 16:00:00,S003,Facility 3,4,2,24.3,57.05
2026-05-02 16:00:00,S004,Facility 4,5,0,20.14,64.28
2026-05-02 16:00:00,S005,Facility 5,5,1,22.740000000000002,65.1
2026-05-02 16:00:00,S006,Facility 6,1,1,26.6,67.3
2026-05-02 16:00:00,S007,Facility 7,4,1,14.075,56.9
2026-05-02 16:00:00,S008,Facility 8,6,1,22.95,48.75
2026-05-02 16:00:00,S009,Facility 9,10,1,21.07,41.388888888888886
2026-05-02 16:00:00,S010,Facility 10,6,0,24.066666666666666,55.1
2026-05-02 16:00:00,S011,Facility 11,11,1,21.69090909090909,41.79
2026-05-02 16:00:00,S012,Facility 12,5,1,25.3,35.675000000000004
2026-05-02 16:00:00,S013,Facility 13,5,0,22.580000000000002,50.85
2026-05-02 16:00:00,S014,Facility 14,3,0,23.933333333333334,48.86666666666667
2026-05-02 17:00:00,S001,Facility 1,13,1,20.023076923076925,49.79230769230769
2026-05-02 17:00:00,S002,Facility 2,6,2,22.349999999999998,42.38333333333333
2026-05-02 17:00:00,S003,Facility 3,7,1,21.7,36.885714285714286
2026-05-02 17:00:00,S004,Facility 4,11,1,20.227272727272727,46.11818181818182
2026-05-02 17:00:00,S005,Facility 5,4,2,22.05,63.03333333333333
2026-05-02 17:00:00,S006,Facility 6,4,1,14.975,24.75
2026-05-02 17:00:00,S007,Facility 7,5,1,20.580000000000002,32.72
2026-05-02 17:00:00,S008,Facility 8,7,0,21.514285714285712,56.357142857142854
2026-05-02 17:00:00,S009,Facility 9,4,0,25.075,33.175
2026-05-02 17:00:00,S010,Facility 10,8,0,24.675,39.75714285714286
2026-05-02 17:00:00,S011,Facility 11,11,4,22.099999999999998,33.980000000000004
2026-05-02 17:00:00,S012,Facility 12,4,0,19.725,50.93333333333334
2026-05-02 17:00:00,S013,Facility 13,10,2,19.06,51.575
2026-05-02 17:00:00,S014,Facility 14,5,1,22.28,43.78
2026-05-02 18:00:00,S001,Facility 1,5,1,18.759999999999998,40.45
2026-05-02 18:00:00,S002,Facility 2,4,0,21.325000000000003,34.075
2026-05-02 18:00:00,S003,Facility 3,16,4,19.15,53.0625
2026-05-02 18:00:00,S004,Facility 4,9,2,20.37777777777778,46.65555555555555
2026-05-02 18:00:00,S005,Facility 5,1,0,21.0,
2026-05-02 18:00:00,S006,Facility 6,4,0,19.65,65.45
2026-05-02 18:00:00,S007,Facility 7,9,1,20.6,67.1888888888889
2026-05-02 18:00:00,S008,Facility 8,5,1,21.880000000000003,64.7
2026-05-02 18:00:00,S009,Facility 9,6,0,22.983333333333334,52.65
2026-05-02 18:00:00,S010,Facility 10,10,2,20.56,43.233333333333334
2026-05-02 18:00:00,S011,Facility 11,9,1,22.033333333333335,57.03333333333333
2026-05-02 18:00:00,S012,Facility 12,11,1,19.854545454545455,37.63636363636363
2026-05-02 18:00:00,S013,Facility 13,7,0,20.842857142857145,62.300000000000004
2026-05-02 18:00:00,S014,Facility 14,5,1,15.02,26.339999999999996
2026-05-02 19:00:00,S001,Facility 1,8,0,20.3125,43.96666666666667
2026-05-02 19:00:00,S002,Facility 2,2,0,20.3,27.6
2026-05-02 19:00:00,S003,Facility 3,9,2,18.166666666666668,62.199999999999996
2026-05-02 19:00:00,S004,Facility 4,3,1,17.866666666666667,68.0
2026-05-02 19:00:00,S005,Facility 5,5,0,20.580000000000002,42.86
2026-05-02 19:00:00,S006,Facility 6,7,2,23.357142857142858,73.34285714285714
2026-05-02 19:00:00,S007,Facility 7,5,1,23.82,34.019999999999996
2026-05-02 19:00:00,S008,Facility 8,4,0,25.225,42.7
2026-05-02 19:00:00,S009,Facility 9,14,3,19.407142857142855,41.666666666666664
2026-05-02 19:00:00,S010,Facility 10,8,2,18.7875,51.300000000000004
2026-05-02 19:00:00,S011,Facility 11,8,2,23.3875,54.925
2026-05-02 19:00:00,S012,Facility 12,5,1,19.54,47.88
2026-05-02 19:00:00,S013,Facility 13,7,1,19.657142857142855,29.416666666666668
2026-05-02 19:00:00,S014,Facility 14,8,2,20.65,33.7875
2026-05-02 20:00:00,S001,Facility 1,13,1,20.023076923076925,64.06666666666666
2026-05-02 20:00:00,S002,Facility 2,4,0,20.425,62.65
2026-05-02 20:00:00,S003,Facility 3,10,0,23.130000000000003,46.455555555555556
2026-05-02 20:00:00,S004,Facility 4,9,2,19.822222222222223,33.98888888888889
2026-05-02 20:00:00,S005,Facility 5,4,0,14.725000000000001,59.0
2026-05-02 20:00:00,S006,Facility 6,2,0,19.1,69.2
2026-05-02 20:00:00,S007,Facility 7,6,0,22.083333333333332,76.05
2026-05-02 20:00:00,S008,Facility 8,6,3,19.333333333333332,81.46666666666667
2026-05-02 20:00:00,S009,Facility 9,8,1,20.4625,37.916666666666664
2026-05-02 20:00:00,S010,Facility 10,4,0,24.55,47.85
2026-05-02 20:00:00,S011,Facility 11,9,1,20.755555555555556,56.05555555555556
2026-05-02 20:00:00,S012,Facility 12,7,1,19.342857142857145,62.01428571428572
2026-05-02 20:00:00,S013,Facility 13,3,0,23.03333333333333,27.933333333333337
2026-05-02 20:00:00,S014,Facility 14,5,1,21.34,25.4
2026-05-02 21:00:00,S001,Facility 1,14,2,20.407142857142855,57.81666666666666
2026-05-02 21:00:00,S002,Facility 2,4,0,17.8,47.449999999999996
2026-05-02 21:00:00,S003,Facility 3,12,0,18.608333333333334,49.64166666666667
2026-05-02 21:00:00,S004,Facility 4,4,1,20.425,36.475
2026-05-02 21:00:00,S005,Facility 5,7,1,21.88571428571429,56.385714285714286
2026-05-02 21:00:00,S007,Facility 7,4,0,19.45,39.575
2026-05-02 21:00:00,S008,Facility 8,13,1,17.83076923076923,36.25833333333333
2026-05-02 21:00:00,S009,Facility 9,8,0,21.0875,53.11666666666667
2026-05-02 21:00:00,S010,Facility 10,7,0,21.75714285714286,47.114285714285714
2026-05-02 21:00:00,S011,Facility 11,8,1,22.6,37.128571428571426
2026-05-02 21:00:00,S012,Facility 12,7,0,24.17142857142857,29.566666666666666
2026-05-02 21:00:00,S013,Facility 13,4,1,22.425,70.55
2026-05-02 21:00:00,S014,Facility 14,10,2,23.02,52.67
2026-05-02 22:00:00,S001,Facility 1,7,0,19.52857142857143,48.957142857142856
2026-05-02 22:00:00,S002,Facility 2,3,0,23.46666666666667,30.566666666666663
2026-05-02 22:00:00,S003,Facility 3,14,3,22.22142857142857,46.30833333333334
2026-05-02 22:00:00,S004,Facility 4,3,0,19.8,46.666666666666664
2026-05-02 22:00:00,S005,Facility 5,2,0,14.850000000000001,29.55
2026-05-02 22:00:00,S006,Facility 6,6,2,20.433333333333334,46.78
2026-05-02 22:00:00,S007,Facility 7,2,0,23.950000000000003,19.95
2026-05-02 22:00:00,S008,Facility 8,4,2,16.825000000000003,55.25
2026-05-02 22:00:00,S009,Facility 9,12,3,19.3,43.96666666666667
2026-05-02 22:00:00,S010,Facility 10,7,1,19.542857142857144,60.86666666666667
2026-05-02 22:00:00,S011,Facility 11,6,0,22.21666666666667,34.0
2026-05-02 22:00:00,S012,Facility 12,4,1,20.950000000000003,46.25
2026-05-02 22:00:00,S013,Facility 13,4,1,21.9,82.4
2026-05-02 22:00:00,S014,Facility 14,4,1,21.525,59.6
2026-05-02 23:00:00,S001,Facility 1,8,1,17.6875,31.728571428571428
2026-05-02 23:00:00,S002,Facility 2,4,0,20.1,57.449999999999996
2026-05-02 23:00:00,S003,Facility 3,8,1,20.275,49.3875
2026-05-02 23:00:00,S004,Facility 4,7,2,21.985714285714288,37.766666666666666
2026-05-02 23:00:00,S005,Facility 5,4,0,22.7,67.4
2026-05-02 23:00:00,S006,Facility 6,3,0,17.233333333333334,47.4
2026-05-02 23:00:00,S007,Facility 7,6,1,24.266666666666666,64.85
2026-05-02 23:00:00,S008,Facility 8,5,0,16.84,48.449999999999996
2026-05-02 23:00:00,S009,Facility 9,5,1,22.78,52.839999999999996
2026-05-02 23:00:00,S010,Facility 10,3,0,20.8,15.95
2026-05-02 23:00:00,S011,Facility 11,9,1,21.88888888888889,63.22222222222222
2026-05-02 23:00:00,S012,Facility 12,4,0,19.4,31.775
2026-05-02 23:00:00,S013,Facility 13,9,2,22.366666666666667,43.325
2026-05-02 23:00:00,S014,Facility 14,7,0,21.457142857142856,57.642857142857146
2026-05-03 00:00:00,S001,Facility 1,12,2,22.5,57.29090909090908
2026-05-03 00:00:00,S002,Facility 2,4,0,21.75,44.875
2026-05-03 00:00:00,S003,Facility 3,6,1,21.400000000000002,53.26666666666667
2026-05-03 00:00:00,S004,Facility 4,5,0,17.72,29.75
2026-05-03 00:00:00,S005,Facility 5,3,1,18.066666666666666,52.13333333333333
2026-05-03 00:00:00,S006,Facility 6,2,0,22.05,18.4
2026-05-03 00:00:00,S007,Facility 7,3,1,19.400000000000002,26.033333333333335
2026-05-03 00:00:00,S008,Facility 8,5,0,19.880000000000003,55.1
2026-05-03 00:00:00,S009,Facility 9,7,1,20.914285714285715,51.416666666666664
2026-05-03 00:00:00,S010,Facility 10,14,1,20.521428571428572,69.83076923076922
2026-05-03 00:00:00,S011,Facility 11,9,1,19.177777777777777,48.6
2026-05-03 00:00:00,S012,Facility 12,3,1,22.633333333333336,63.9
2026-05-03 00:00:00,S013,Facility 13,5,0,21.1,33.480000000000004
2026-05-03 00:00:00,S014,Facility 14,6,0,22.71666666666667,39.63333333333333
2026-05-03 01:00:00,S001,Facility 1,5,1,21.7,48.660000000000004
2026-05-03 01:00:00,S002,Facility 2,3,0,25.599999999999998,52.26666666666667
2026-05-03 01:00:00,S003,Facility 3,5,1,25.28,35.03333333333333
2026-05-03 01:00:00,S004,Facility 4,4,1,18.125,38.8
2026-05-03 01:00:00,S005,Facility 5,3,0,21.46666666666667,28.53333333333333
2026-05-03 01:00:00,S006,Facility 6,6,0,21.75,82.41666666666667
2026-05-03 01:00:00,S007,Facility 7,4,0,17.95,51.575
2026-05-03 01:00:00,S008,Facility 8,4,0,21.35,70.25
2026-05-03 01:00:00,S009,Facility 9,6,0,23.53333333333333,37.050000000000004
2026-05-03 01:00:00,S010,Facility 10,6,0,23.21666666666667,49.51666666666667
2026-05-03 01:00:00,S011,Facility 11,5,1,21.0,23.175
2026-05-03 01:00:00,S012,Facility 12,8,2,22.575,46.4
2026-05-03 01:00:00,S013,Facility 13,4,1,19.05,51.099999999999994
2026-05-03 01:00:00,S014,Facility 14,9,3,23.966666666666665,41.57777777777778
2026-05-03 02:00:00,S001,Facility 1,8,0,21.1125,44.275
2026-05-03 02:00:00,S002,Facility 2,7,1,17.614285714285714,56.1
2026-05-03 02:00:00,S003,Facility 3,7,2,23.771428571428572,41.7
2026-05-03 02:00:00,S004,Facility 4,10,1,22.53,60.17777777777778
2026-05-03 02:00:00,S005,Facility 5,7,1,21.457142857142856,39.114285714285714
2026-05-03 02:00:00,S006,Facility 6,3,1,20.366666666666667,56.9
2026-05-03 02:00:00,S007,Facility 7,2,0,26.95,49.3
2026-05-03 02:00:00,S008,Facility 8,6,1,18.716666666666665,39.84
2026-05-03 02:00:00,S009,Facility 9,7,2,21.02857142857143,53.74285714285714
2026-05-03 02:00:00,S010,Facility 10,10,0,22.75,64.7
2026-05-03 02:00:00,S011,Facility 11,9,0,22.577777777777776,43.87777777777777
2026-05-03 02:00:00,S012,Facility 12,9,2,21.333333333333332,58.375
2026-05-03 02:00:00,S013,Facility 13,7,0,22.0,38.800000000000004
2026-05-03 02:00:00,S014,Facility 14,7,0,18.085714285714285,38.18571428571429
2026-05-03 03:00:00,S001,Facility 1,13,1,21.838461538461537,49.33846153846154
2026-05-03 03:00:00,S002,Facility 2,6,1,24.5,47.78333333333333
2026-05-03 03:00:00,S003,Facility 3,10,1,19.66,43.28888888888889
2026-05-03 03:00:00,S004,Facility 4,6,0,23.683333333333334,54.17999999999999
2026-05-03 03:00:00,S005,Facility 5,4,0,22.275,54.875
2026-05-03 03:00:00,S006,Facility 6,6,2,19.75,71.13333333333334
2026-05-03 03:00:00,S007,Facility 7,6,0,19.5,57.5
2026-05-03 03:00:00,S008,Facility 8,5,1,23.7,65.8
2026-05-03 03:00:00,S009,Facility 9,10,0,18.94,53.022222222222226
2026-05-03 03:00:00,S010,Facility 10,9,0,21.244444444444444,47.08888888888889
2026-05-03 03:00:00,S011,Facility 11,7,0,21.557142857142857,49.214285714285715
2026-05-03 03:00:00,S012,Facility 12,9,1,22.577777777777776,41.67777777777778
2026-05-03 03:00:00,S013,Facility 13,3,1,16.666666666666668,55.366666666666674
2026-05-03 03:00:00,S014,Facility 14,6,0,19.083333333333332,62.94
2026-05-03 04:00:00,S001,Facility 1,9,0,21.688888888888886,51.611111111111114
2026-05-03 04:00:00,S002,Facility 2,3,1,24.133333333333336,34.650000000000006
2026-05-03 04:00:00,S003,Facility 3,10,2,22.29,37.2875
2026-05-03 04:00:00,S004,Facility 4,4,2,18.975,9.675
2026-05-03 04:00:00,S005,Facility 5,1,0,14.0,10.5
2026-05-03 04:00:00,S006,Facility 6,5,0,19.72,43.040000000000006
2026-05-03 04:00:00,S007,Facility 7,5,1,19.479999999999997,61.875
2026-05-03 04:00:00,S008,Facility 8,6,1,19.8,45.1
2026-05-03 04:00:00,S009,Facility 9,4,0,19.275,57.6
2026-05-03 04:00:00,S010,Facility 10,8,0,21.287499999999998,58.225
2026-05-03 04:00:00,S011,Facility 11,4,0,22.4,67.03333333333333
2026-05-03 04:00:00,S012,Facility 12,4,0,19.375,60.76666666666667
2026-05-03 04:00:00,S013,Facility 13,4,0,18.875,54.675
2026-05-03 04:00:00,S014,Facility 14,4,0,19.7,36.1
2026-05-03 05:00:00,S001,Facility 1,8,1,20.375,69.04285714285714
2026-05-03 05:00:00,S002,Facility 2,7,1,21.685714285714287,48.666666666666664
2026-05-03 05:00:00,S003,Facility 3,4,0,21.0,50.7
2026-05-03 05:00:00,S004,Facility 4,4,0,17.15,49.25
2026-05-03 05:00:00,S005,Facility 5,6,1,21.650000000000002,64.98333333333333
2026-05-03 05:00:00,S006,Facility 6,4,1,19.525,35.15
2026-05-03 05:00:00,S007,Facility 7,6,1,20.833333333333332,65.64999999999999
2026-05-03 05:00:00,S008,Facility 8,6,0,19.6,44.18333333333334
2026-05-03 05:00:00,S009,Facility 9,9,0,23.22222222222222,46.599999999999994
2026-05-03 05:00:00,S010,Facility 10,8,1,23.9,51.35
2026-05-03 05:00:00,S011,Facility 11,7,2,19.942857142857143,54.800000000000004
2026-05-03 05:00:00,S012,Facility 12,6,1,20.75,39.660000000000004
2026-05-03 05:00:00,S013,Facility 13,7,1,24.5,64.72857142857143
2026-05-03 05:00:00,S014,Facility 14,4,1,14.85,33.6
2026-05-03 06:00:00,S001,Facility 1,9,1,20.799999999999997,47.7125
2026-05-03 06:00:00,S002,Facility 2,1,0,26.2,68.8
2026-05-03 06:00:00,S003,Facility 3,12,2,22.616666666666664,32.825
2026-05-03 06:00:00,S004,Facility 4,5,1,22.5,37.839999999999996
2026-05-03 06:00:00,S005,Facility 5,5,0,19.24,41.225
2026-05-03 06:00:00,S006,Facility 6,8,1,19.2875,57.81428571428571
2026-05-03 06:00:00,S007,Facility 7,9,0,20.733333333333334,68.625
2026-05-03 06:00:00,S008,Facility 8,3,0,23.366666666666664,31.633333333333336
2026-05-03 06:00:00,S009,Facility 9,12,1,20.891666666666666,39.76363636363636
2026-05-03 06:00:00,S010,Facility 10,5,0,20.119999999999997,59.54
2026-05-03 06:00:00,S011,Facility 11,4,0,23.625,71.2
2026-05-03 06:00:00,S012,Facility 12,5,1,23.22,54.339999999999996
2026-05-03 06:00:00,S013,Facility 13,4,1,24.175,43.43333333333334
2026-05-03 06:00:00,S014,Facility 14,5,0,20.86,33.766666666666666
2026-05-03 07:00:00,S001,Facility 1,9,1,20.455555555555556,49.771428571428565
2026-05-03 07:00:00,S002,Facility 2,2,0,26.9,64.6
2026-05-03 07:00:00,S003,Facility 3,13,1,22.430769230769233,65.76666666666667
2026-05-03 07:00:00,S004,Facility 4,5,0,23.119999999999997,40.660000000000004
2026-05-03 07:00:00,S005,Facility 5,4,0,21.975,43.225
2026-05-03 07:00:00,S006,Facility 6,2,0,22.65,79.0
2026-05-03 07:00:00,S007,Facility 7,4,1,23.4,53.275
2026-05-03 07:00:00,S008,Facility 8,6,0,23.483333333333334,51.26666666666667
2026-05-03 07:00:00,S009,Facility 9,9,0,21.811111111111114,56.2
2026-05-03 07:00:00,S010,Facility 10,6,1,23.916666666666668,50.31666666666666
2026-05-03 07:00:00,S011,Facility 11,7,2,17.47142857142857,63.34285714285714
2026-05-03 07:00:00,S012,Facility 12,4,0,21.625,19.833333333333332
2026-05-03 07:00:00,S013,Facility 13,5,1,23.5,54.779999999999994
2026-05-03 07:00:00,S014,Facility 14,4,0,23.175,32.65
2026-05-03 08:00:00,S001,Facility 1,14,3,19.978571428571428,51.574999999999996
2026-05-03 08:00:00,S002,Facility 2,3,1,21.933333333333334,69.16666666666667
2026-05-03 08:00:00,S003,Facility 3,10,0,20.89,50.300000000000004
2026-05-03 08:00:00,S004,Facility 4,12,1,20.083333333333332,69.89
2026-05-03 08:00:00,S005,Facility 5,5,1,17.94,35.86
2026-05-03 08:00:00,S006,Facility 6,3,1,16.266666666666666,56.1
2026-05-03 08:00:00,S007,Facility 7,3,0,25.2,57.13333333333333
2026-05-03 08:00:00,S008,Facility 8,8,0,21.6,60.971428571428575
2026-05-03 08:00:00,S009,Facility 9,12,0,19.033333333333335,37.45
2026-05-03 08:00:00,S010,Facility 10,11,0,22.636363636363637,39.46
2026-05-03 08:00:00,S011,Facility 11,7,1,22.071428571428573,50.31428571428571
2026-05-03 08:00:00,S012,Facility 12,3,0,19.599999999999998,65.53333333333333
2026-05-03 08:00:00,S013,Facility 13,2,1,19.35,15.600000000000001
2026-05-03 08:00:00,S014,Facility 14,6,0,21.516666666666666,54.70000000000001
2026-05-03 09:00:00,S001,Facility 1,9,2,19.444444444444443,37.94444444444444
2026-05-03 09:00:00,S002,Facility 2,5,0,22.52,35.36
2026-05-03 09:00:00,S003,Facility 3,9,1,23.200000000000003,54.08888888888889
2026-05-03 09:00:00,S004,Facility 4,10,1,19.66,69.04444444444444
2026-05-03 09:00:00,S005,Facility 5,2,0,17.549999999999997,61.5
2026-05-03 09:00:00,S006,Facility 6,3,0,23.46666666666667,49.53333333333333
2026-05-03 09:00:00,S007,Facility 7,5,0,25.04,46.56
2026-05-03 09:00:00,S008,Facility 8,5,1,18.919999999999998,37.760000000000005
2026-05-03 09:00:00,S009,Facility 9,7,1,19.32857142857143,64.78571428571429
2026-05-03 09:00:00,S010,Facility 10,9,2,20.811111111111114,65.0
2026-05-03 09:00:00,S011,Facility 11,11,1,19.263636363636365,50.739999999999995
2026-05-03 09:00:00,S012,Facility 12,5,2,23.34,64.8
2026-05-03 09:00:00,S013,Facility 13,5,1,21.3,78.26666666666667
2026-05-03 09:00:00,S014,Facility 14,2,0,22.65,81.05
2026-05-03 10:00:00,S001,Facility 1,10,3,22.369999999999997,37.666666666666664
2026-05-03 10:00:00,S002,Facility 2,2,1,21.45,17.650000000000002
2026-05-03 10:00:00,S003,Facility 3,11,0,21.018181818181816,41.63636363636363
2026-05-03 10:00:00,S004,Facility 4,7,1,21.442857142857143,75.68571428571428
2026-05-03 10:00:00,S005,Facility 5,5,1,22.119999999999997,45.839999999999996
2026-05-03 10:00:00,S006,Facility 6,8,0,19.95,45.199999999999996
2026-05-03 10:00:00,S007,Facility 7,6,2,23.650000000000002,41.34
2026-05-03 10:00:00,S008,Facility 8,9,0,19.544444444444444,74.56666666666666
2026-05-03 10:00:00,S009,Facility 9,7,2,20.52857142857143,28.566666666666666
2026-05-03 10:00:00,S010,Facility 10,6,1,24.183333333333334,60.11666666666667
2026-05-03 10:00:00,S011,Facility 11,10,1,21.65,46.7
2026-05-03 10:00:00,S012,Facility 12,7,5,18.157142857142855,59.725
2026-05-03 10:00:00,S013,Facility 13,6,0,20.016666666666666,29.660000000000004
2026-05-03 10:00:00,S014,Facility 14,7,1,22.87142857142857,54.96666666666667
2026-05-03 11:00:00,S001,Facility 1,7,1,16.414285714285715,47.528571428571425
2026-05-03 11:00:00,S002,Facility 2,1,0,22.9,30.2
2026-05-03 11:00:00,S003,Facility 3,2,0,24.6,88.3
2026-05-03 11:00:00,S004,Facility 4,6,1,19.599999999999998,12.533333333333333
2026-05-03 11:00:00,S005,Facility 5,4,0,24.75,53.825
2026-05-03 11:00:00,S006,Facility 6,9,1,18.811111111111114,50.01111111111111
2026-05-03 11:00:00,S007,Facility 7,7,0,24.24285714285714,50.17142857142857
2026-05-03 11:00:00,S008,Facility 8,4,1,22.4,46.475
2026-05-03 11:00:00,S009,Facility 9,12,1,22.175,42.675000000000004
2026-05-03 11:00:00,S010,Facility 10,6,0,19.733333333333334,36.666666666666664
2026-05-03 11:00:00,S011,Facility 11,10,1,21.47,58.260000000000005
2026-05-03 11:00:00,S012,Facility 12,5,0,18.12,59.67999999999999
2026-05-03 11:00:00,S013,Facility 13,6,0,20.983333333333334,63.63333333333333
2026-05-03 11:00:00,S014,Facility 14,4,0,19.25,53.825
2026-05-03 12:00:00,S001,Facility 1,4,1,25.95,62.775
2026-05-03 12:00:00,S002,Facility 2,6,0,20.483333333333334,52.71999999999999
2026-05-03 12:00:00,S003,Facility 3,12,1,20.383333333333333,50.38333333333333
2026-05-03 12:00:00,S004,Facility 4,8,1,20.875,72.1875
2026-05-03 12:00:00,S005,Facility 5,3,1,23.5,45.166666666666664
2026-05-03 12:00:00,S006,Facility 6,4,0,25.725,53.2
2026-05-03 12:00:00,S007,Facility 7,4,0,19.475,59.0
2026-05-03 12:00:00,S008,Facility 8,4,0,22.725,41.825
2026-05-03 12:00:00,S009,Facility 9,6,0,21.266666666666666,55.61666666666667
2026-05-03 12:00:00,S010,Facility 10,4,0,19.65,42.325
2026-05-03 12:00:00,S011,Facility 11,9,1,21.9,51.137499999999996
2026-05-03 12:00:00,S012,Facility 12,8,1,18.375,56.300000000000004
2026-05-03 12:00:00,S013,Facility 13,6,0,22.7,75.7
2026-05-03 12:00:00,S014,Facility 14,7,0,21.185714285714287,60.028571428571425
2026-05-03 13:00:00,S001,Facility 1,8,1,17.75,44.449999999999996
2026-05-03 13:00:00,S002,Facility 2,2,0,29.0,77.45
2026-05-03 13:00:00,S003,Facility 3,3,0,22.900000000000002,86.23333333333333
2026-05-03 13:00:00,S004,Facility 4,8,0,19.4875,52.025
2026-05-03 13:00:00,S005,Facility 5,4,1,23.5,56.5
2026-05-03 13:00:00,S006,Facility 6,4,0,18.325,70.2
2026-05-03 13:00:00,S007,Facility 7,5,0,18.18,49.6
2026-05-03 13:00:00,S008,Facility 8,9,2,19.688888888888886,55.51111111111111
2026-05-03 13:00:00,S009,Facility 9,6,1,20.316666666666666,45.48333333333333
2026-05-03 13:00:00,S010,Facility 10,11,1,22.38181818181818,48.480000000000004
2026-05-03 13:00:00,S011,Facility 11,11,1,21.436363636363637,39.127272727272725
2026-05-03 13:00:00,S012,Facility 12,9,0,23.355555555555554,55.7875
2026-05-03 13:00:00,S013,Facility 13,7,1,19.5,59.771428571428565
2026-05-03 13:00:00,S014,Facility 14,3,1,23.599999999999998,36.36666666666667
2026-05-03 14:00:00,S001,Facility 1,15,1,20.69333333333333,56.24285714285714
2026-05-03 14:00:00,S002,Facility 2,3,1,26.866666666666664,61.4
2026-05-03 14:00:00,S003,Facility 3,13,0,21.45384615384615,49.339999999999996
2026-05-03 14:00:00,S004,Facility 4,5,0,18.44,54.525
2026-05-03 14:00:00,S005,Facility 5,4,0,18.9,38.675
2026-05-03 14:00:00,S006,Facility 6,2,1,14.05,55.85
2026-05-03 14:00:00,S007,Facility 7,6,0,24.75,61.160000000000004
2026-05-03 14:00:00,S008,Facility 8,6,0,23.983333333333334,40.46666666666667
2026-05-03 14:00:00,S009,Facility 9,3,1,22.099999999999998,55.199999999999996
2026-05-03 14:00:00,S010,Facility 10,6,1,26.766666666666666,63.540000000000006
2026-05-03 14:00:00,S011,Facility 11,7,2,23.114285714285717,63.75714285714286
2026-05-03 14:00:00,S012,Facility 12,7,2,24.17142857142857,52.771428571428565
2026-05-03 14:00:00,S013,Facility 13,7,1,22.24285714285714,41.714285714285715
2026-05-03 14:00:00,S014,Facility 14,8,1,21.6625,36.7375
2026-05-03 15:00:00,S001,Facility 1,8,0,21.375,48.525000000000006
2026-05-03 15:00:00,S002,Facility 2,4,1,17.8,54.875
2026-05-03 15:00:00,S003,Facility 3,7,1,28.157142857142855,38.94285714285714
2026-05-03 15:00:00,S004,Facility 4,8,0,18.125,37.9125
2026-05-03 15:00:00,S005,Facility 5,4,1,20.025,56.85
2026-05-03 15:00:00,S006,Facility 6,1,0,17.8,89.1
2026-05-03 15:00:00,S007,Facility 7,5,1,16.580000000000002,71.36
2026-05-03 15:00:00,S008,Facility 8,5,0,21.22,30.52
2026-05-03 15:00:00,S009,Facility 9,5,0,18.0,54.94
2026-05-03 15:00:00,S010,Facility 10,7,0,20.928571428571427,41.88
2026-05-03 15:00:00,S011,Facility 11,7,0,19.25714285714286,56.91428571428571
2026-05-03 15:00:00,S012,Facility 12,10,2,19.56,52.779999999999994
2026-05-03 15:00:00,S013,Facility 13,9,1,20.566666666666666,47.199999999999996
2026-05-03 15:00:00,S014,Facility 14,11,1,21.181818181818183,55.589999999999996
2026-05-03 16:00:00,S001,Facility 1,7,1,24.114285714285717,49.666666666666664
2026-05-03 16:00:00,S002,Facility 2,4,0,23.375,82.975
2026-05-03 16:00:00,S003,Facility 3,10,0,18.330000000000002,29.23
2026-05-03 16:00:00,S004,Facility 4,8,1,21.4875,51.1
2026-05-03 16:00:00,S005,Facility 5,4,1,22.65,50.275
2026-05-03 16:00:00,S006,Facility 6,3,0,18.099999999999998,40.13333333333333
2026-05-03 16:00:00,S007,Facility 7,4,0,21.225,48.400000000000006
2026-05-03 16:00:00,S008,Facility 8,6,1,20.316666666666666,48.81666666666666
2026-05-03 16:00:00,S009,Facility 9,7,1,19.24285714285714,29.54
2026-05-03 16:00:00,S010,Facility 10,8,1,18.675,48.075
2026-05-03 16:00:00,S011,Facility 11,13,4,21.792307692307695,48.73076923076923
2026-05-03 16:00:00,S012,Facility 12,11,2,21.954545454545453,53.14545454545455
2026-05-03 16:00:00,S013,Facility 13,5,0,19.5,52.55
2026-05-03 16:00:00,S014,Facility 14,2,0,24.25,69.9
2026-05-03 17:00:00,S001,Facility 1,14,2,19.157142857142855,62.46923076923077
2026-05-03 17:00:00,S002,Facility 2,6,0,22.55,45.019999999999996
2026-05-03 17:00:00,S003,Facility 3,11,2,19.418181818181818,53.7
2026-05-03 17:00:00,S004,Facility 4,6,0,23.133333333333336,29.433333333333334
2026-05-03 17:00:00,S005,Facility 5,4,0,19.45,29.425
2026-05-03 17:00:00,S006,Facility 6,8,0,18.8625,61.1125
2026-05-03 17:00:00,S007,Facility 7,3,0,26.733333333333334,26.299999999999997
2026-05-03 17:00:00,S008,Facility 8,5,0,26.1,53.220000000000006
2026-05-03 17:00:00,S009,Facility 9,10,1,25.660000000000004,55.644444444444446
2026-05-03 17:00:00,S010,Facility 10,10,2,19.75,47.27777777777778
2026-05-03 17:00:00,S011,Facility 11,8,2,19.9375,53.875
2026-05-03 17:00:00,S012,Facility 12,6,0,20.233333333333334,45.75
2026-05-03 17:00:00,S013,Facility 13,2,0,13.25,83.1
2026-05-03 17:00:00,S014,Facility 14,5,0,18.02,61.56
2026-05-03 18:00:00,S001,Facility 1,15,2,18.779999999999998,61.875
2026-05-03 18:00:00,S002,Facility 2,3,0,22.833333333333332,30.866666666666664
2026-05-03 18:00:00,S003,Facility 3,6,1,22.03333333333333,54.199999999999996
2026-05-03 18:00:00,S004,Facility 4,5,0,21.68,43.78
2026-05-03 18:00:00,S005,Facility 5,2,0,18.9,38.45
2026-05-03 18:00:00,S006,Facility 6,2,0,22.35,46.85
2026-05-03 18:00:00,S007,Facility 7,4,0,24.1,30.666666666666668
2026-05-03 18:00:00,S008,Facility 8,5,0,24.22,32.519999999999996
2026-05-03 18:00:00,S009,Facility 9,7,1,20.285714285714285,41.67142857142857
2026-05-03 18:00:00,S010,Facility 10,8,2,20.675,48.2875
2026-05-03 18:00:00,S011,Facility 11,5,0,19.82,55.379999999999995
2026-05-03 18:00:00,S012,Facility 12,15,1,21.720000000000002,57.56428571428571
2026-05-03 18:00:00,S013,Facility 13,7,0,20.0,59.55714285714286
2026-05-03 18:00:00,S014,Facility 14,6,1,23.166666666666668,56.583333333333336
2026-05-03 19:00:00,S001,Facility 1,8,2,22.6375,49.1
2026-05-03 19:00:00,S002,Facility 2,2,0,18.1,84.8
2026-05-03 19:00:00,S003,Facility 3,8,1,24.275,56.575
2026-05-03 19:00:00,S004,Facility 4,8,0,18.4375,47.275
2026-05-03 19:00:00,S005,Facility 5,4,0,20.425,65.16666666666667
2026-05-03 19:00:00,S006,Facility 6,6,1,21.3,76.3
2026-05-03 19:00:00,S007,Facility 7,5,0,22.759999999999998,48.739999999999995
2026-05-03 19:00:00,S008,Facility 8,5,2,21.380000000000003,42.599999999999994
2026-05-03 19:00:00,S009,Facility 9,10,1,21.57,61.36666666666666
2026-05-03 19:00:00,S010,Facility 10,8,2,23.2,48.625
2026-05-03 19:00:00,S011,Facility 11,7,1,21.457142857142856,45.01666666666666
2026-05-03 19:00:00,S012,Facility 12,9,0,20.544444444444444,48.17777777777778
2026-05-03 19:00:00,S013,Facility 13,6,0,23.416666666666668,50.160000000000004
2026-05-03 19:00:00,S014,Facility 14,5,1,21.3,50.3
2026-05-03 20:00:00,S001,Facility 1,5,0,19.14,61.06666666666666
2026-05-03 20:00:00,S002,Facility 2,3,0,22.7,75.8
2026-05-03 20:00:00,S003,Facility 3,6,0,23.45,51.78333333333333
2026-05-03 20:00:00,S004,Facility 4,5,0,20.86,57.05999999999999
2026-05-03 20:00:00,S005,Facility 5,3,0,17.733333333333334,30.96666666666667
2026-05-03 20:00:00,S006,Facility 6,4,1,18.125,59.325
2026-05-03 20:00:00,S007,Facility 7,5,0,22.96,67.28
2026-05-03 20:00:00,S008,Facility 8,4,1,20.85,62.025000000000006
2026-05-03 20:00:00,S009,Facility 9,7,0,21.5,71.07142857142857
2026-05-03 20:00:00,S010,Facility 10,8,1,22.4625,47.575
2026-05-03 20:00:00,S011,Facility 11,9,1,22.177777777777777,45.78888888888889
2026-05-03 20:00:00,S012,Facility 12,4,1,18.975,42.425
2026-05-03 20:00:00,S013,Facility 13,7,1,18.485714285714288,48.68571428571429
2026-05-03 20:00:00,S014,Facility 14,4,1,20.975,57.833333333333336
2026-05-03 21:00:00,S001,Facility 1,10,0,23.330000000000002,36.455555555555556
2026-05-03 21:00:00,S002,Facility 2,6,2,24.233333333333334,62.1
2026-05-03 21:00:00,S003,Facility 3,5,0,18.3,46.325
2026-05-03 21:00:00,S004,Facility 4,6,1,21.183333333333334,49.18333333333334
2026-05-03 21:00:00,S005,Facility 5,3,0,22.3,34.5
2026-05-03 21:00:00,S006,Facility 6,6,0,17.466666666666665,75.9
2026-05-03 21:00:00,S007,Facility 7,7,0,20.228571428571428,49.25714285714286
2026-05-03 21:00:00,S008,Facility 8,6,1,19.2,72.85000000000001
2026-05-03 21:00:00,S009,Facility 9,12,1,20.0,59.46666666666667
2026-05-03 21:00:00,S010,Facility 10,14,2,20.17142857142857,38.73846153846154
2026-05-03 21:00:00,S011,Facility 11,8,1,22.3875,58.91428571428572
2026-05-03 21:00:00,S012,Facility 12,8,1,17.825,58.4
2026-05-03 21:00:00,S013,Facility 13,8,2,21.7375,57.6375
2026-05-03 21:00:00,S014,Facility 14,10,0,22.82,61.9875
2026-05-03 22:00:00,S001,Facility 1,12,0,18.991666666666667,53.675000000000004
2026-05-03 22:00:00,S002,Facility 2,1,1,26.0,9.7
2026-05-03 22:00:00,S003,Facility 3,9,0,24.311111111111114,54.3875
2026-05-03 22:00:00,S004,Facility 4,10,3,18.61,54.870000000000005
2026-05-03 22:00:00,S005,Facility 5,1,0,31.7,4.1
2026-05-03 22:00:00,S006,Facility 6,2,0,19.4,23.5
2026-05-03 22:00:00,S007,Facility 7,4,0,25.625,35.975
2026-05-03 22:00:00,S008,Facility 8,9,2,23.144444444444446,57.17777777777778
2026-05-03 22:00:00,S009,Facility 9,13,3,18.53846153846154,46.83076923076923
2026-05-03 22:00:00,S010,Facility 10,17,6,21.223529411764705,52.794117647058826
2026-05-03 22:00:00,S011,Facility 11,5,0,17.54,48.5
2026-05-03 22:00:00,S012,Facility 12,5,1,21.52,51.574999999999996
2026-05-03 22:00:00,S013,Facility 13,4,0,19.9,34.4
2026-05-03 22:00:00,S014,Facility 14,8,1,20.0875,45.98333333333333
2026-05-03 23:00:00,S001,Facility 1,10,1,18.380000000000003,28.089999999999996
2026-05-03 23:00:00,S002,Facility 2,5,1,20.44,55.739999999999995
2026-05-03 23:00:00,S003,Facility 3,5,1,19.240000000000002,33.18
2026-05-03 23:00:00,S004,Facility 4,7,0,18.04285714285714,36.9
2026-05-03 23:00:00,S005,Facility 5,6,0,21.96666666666667,53.98333333333333
2026-05-03 23:00:00,S006,Facility 6,7,2,19.114285714285717,46.300000000000004
2026-05-03 23:00:00,S007,Facility 7,6,1,20.066666666666666,50.279999999999994
2026-05-03 23:00:00,S008,Facility 8,2,0,16.75,80.4
2026-05-03 23:00:00,S009,Facility 9,5,1,18.660000000000004,60.779999999999994
2026-05-03 23:00:00,S010,Facility 10,4,1,19.7,26.46666666666667
2026-05-03 23:00:00,S011,Facility 11,5,1,23.0,31.080000000000002
2026-05-03 23:00:00,S012,Facility 12,8,1,19.4,47.114285714285714
2026-05-03 23:00:00,S013,Facility 13,2,0,23.4,15.45
2026-05-03 23:00:00,S014,Facility 14,6,1,23.3,57.916666666666664
2026-05-04 00:00:00,S001,Facility 1,10,0,19.59,48.33
2026-05-04 00:00:00,S002,Facility 2,2,1,18.6,28.200000000000003
2026-05-04 00:00:00,S003,Facility 3,8,2,22.0375,59.42857142857143
2026-05-04 00:00:00,S004,Facility 4,6,0,19.233333333333334,43.2
2026-05-04 00:00:00,S005,Facility 5,2,1,20.45,54.9
2026-05-04 00:00:00,S006,Facility 6,5,0,21.98,39.64
2026-05-04 00:00:00,S007,Facility 7,8,2,22.5125,50.075
2026-05-04 00:00:00,S008,Facility 8,4,0,21.875,51.699999999999996
2026-05-04 00:00:00,S009,Facility 9,9,1,21.866666666666667,54.15555555555555
2026-05-04 00:00:00,S010,Facility 10,12,3,21.525000000000002,48.63333333333333
2026-05-04 00:00:00,S011,Facility 11,13,2,22.361538461538462,58.823076923076925
2026-05-04 00:00:00,S012,Facility 12,8,2,21.6,45.8
2026-05-04 00:00:00,S013,Facility 13,5,1,16.259999999999998,58.760000000000005
2026-05-04 00:00:00,S014,Facility 14,6,0,22.650000000000002,49.51666666666667
2026-05-04 01:00:00,S001,Facility 1,10,1,23.14,63.075
2026-05-04 01:00:00,S002,Facility 2,3,0,25.5,59.85
2026-05-04 01:00:00,S003,Facility 3,4,0,21.275,40.575
2026-05-04 01:00:00,S004,Facility 4,11,3,22.12727272727273,40.35
2026-05-04 01:00:00,S005,Facility 5,4,0,24.55,48.599999999999994
2026-05-04 01:00:00,S006,Facility 6,2,1,24.7,54.25
2026-05-04 01:00:00,S007,Facility 7,9,2,22.866666666666667,49.68888888888889
2026-05-04 01:00:00,S008,Facility 8,5,0,21.580000000000002,40.300000000000004
2026-05-04 01:00:00,S009,Facility 9,6,0,23.21666666666667,60.54
2026-05-04 01:00:00,S010,Facility 10,6,1,21.05,52.08
2026-05-04 01:00:00,S011,Facility 11,6,0,19.400000000000002,53.739999999999995
2026-05-04 01:00:00,S012,Facility 12,6,0,23.5,51.86666666666667
2026-05-04 01:00:00,S013,Facility 13,6,0,16.616666666666667,43.88
2026-05-04 01:00:00,S014,Facility 14,6,0,23.233333333333334,50.9
2026-05-04 02:00:00,S001,Facility 1,7,0,21.2,65.75714285714285
2026-05-04 02:00:00,S002,Facility 2,1,0,18.4,
2026-05-04 02:00:00,S003,Facility 3,9,2,20.22222222222222,41.2875
2026-05-04 02:00:00,S004,Facility 4,2,0,15.649999999999999,39.45
2026-05-04 02:00:00,S005,Facility 5,4,0,17.5,54.5
2026-05-04 02:00:00,S006,Facility 6,7,1,19.442857142857143,40.300000000000004
2026-05-04 02:00:00,S007,Facility 7,6,2,20.98333333333333,29.759999999999998
2026-05-04 02:00:00,S008,Facility 8,5,0,18.96,54.5
2026-05-04 02:00:00,S009,Facility 9,7,0,17.914285714285715,17.416666666666668
2026-05-04 02:00:00,S010,Facility 10,5,0,26.160000000000004,60.31999999999999
2026-05-04 02:00:00,S011,Facility 11,5,0,23.34,43.14
2026-05-04 02:00:00,S012,Facility 12,7,1,20.52857142857143,29.414285714285715
2026-05-04 02:00:00,S013,Facility 13,10,1,19.8,39.97777777777778
2026-05-04 02:00:00,S014,Facility 14,3,2,21.066666666666666,48.6
2026-05-04 03:00:00,S001,Facility 1,12,1,21.283333333333335,37.74166666666667
2026-05-04 03:00:00,S002,Facility 2,1,0,19.5,3.1
2026-05-04 03:00:00,S003,Facility 3,7,1,20.985714285714288,54.52
2026-05-04 03:00:00,S004,Facility 4,2,2,24.25,34.2
2026-05-04 03:00:00,S005,Facility 5,7,1,15.528571428571428,49.05714285714286
2026-05-04 03:00:00,S006,Facility 6,7,0,21.75714285714286,57.11666666666667
2026-05-04 03:00:00,S007,Facility 7,10,1,20.919999999999998,39.82
2026-05-04 03:00:00,S008,Facility 8,10,2,23.130000000000003,59.48888888888889
2026-05-04 03:00:00,S009,Facility 9,7,1,16.6,77.89999999999999
2026-05-04 03:00:00,S010,Facility 10,10,0,20.740000000000002,58.699999999999996
2026-05-04 03:00:00,S011,Facility 11,11,1,20.972727272727273,49.3
2026-05-04 03:00:00,S012,Facility 12,7,2,23.285714285714285,56.214285714285715
2026-05-04 03:00:00,S013,Facility 13,4,1,15.75,50.5
2026-05-04 03:00:00,S014,Facility 14,8,1,17.0875,49.9125
2026-05-04 04:00:00,S001,Facility 1,11,3,21.927272727272726,52.16363636363636
2026-05-04 04:00:00,S002,Facility 2,3,1,21.933333333333334,47.5
2026-05-04 04:00:00,S003,Facility 3,7,2,18.585714285714285,41.083333333333336
2026-05-04 04:00:00,S004,Facility 4,6,0,22.349999999999998,59.36666666666667
2026-05-04 04:00:00,S005,Facility 5,5,4,19.8,27.48
2026-05-04 04:00:00,S006,Facility 6,3,0,19.266666666666666,35.0
2026-05-04 04:00:00,S007,Facility 7,3,0,21.833333333333332,66.16666666666667
2026-05-04 04:00:00,S008,Facility 8,3,0,14.799999999999999,44.099999999999994
2026-05-04 04:00:00,S009,Facility 9,7,0,21.2,25.72857142857143
2026-05-04 04:00:00,S010,Facility 10,6,0,20.25,49.21666666666667
2026-05-04 04:00:00,S011,Facility 11,9,0,18.155555555555555,60.233333333333334
2026-05-04 04:00:00,S012,Facility 12,5,1,20.4,56.379999999999995
2026-05-04 04:00:00,S013,Facility 13,4,1,23.775,28.05
2026-05-04 04:00:00,S014,Facility 14,11,2,22.29090909090909,41.58181818181818
2026-05-04 05:00:00,S001,Facility 1,10,2,20.48,35.010000000000005
2026-05-04 05:00:00,S002,Facility 2,2,0,28.35,34.75
2026-05-04 05:00:00,S003,Facility 3,17,0,22.823529411764707,50.81875
2026-05-04 05:00:00,S004,Facility 4,6,1,21.650000000000002,41.225
2026-05-04 05:00:00,S005,Facility 5,2,0,12.45,63.45
2026-05-04 05:00:00,S006,Facility 6,2,0,18.75,31.0
2026-05-04 05:00:00,S007,Facility 7,3,0,26.266666666666666,60.1
2026-05-04 05:00:00,S008,Facility 8,5,0,17.919999999999998,69.525
2026-05-04 05:00:00,S009,Facility 9,7,0,22.0,53.6
2026-05-04 05:00:00,S010,Facility 10,10,2,22.95,62.87777777777777
2026-05-04 05:00:00,S011,Facility 11,2,0,16.5,32.9
2026-05-04 05:00:00,S012,Facility 12,6,1,21.666666666666668,27.65
2026-05-04 05:00:00,S013,Facility 13,7,1,21.12857142857143,48.08571428571429
2026-05-04 05:00:00,S014,Facility 14,6,0,20.71666666666667,36.875
2026-05-04 06:00:00,S001,Facility 1,7,1,19.7,60.82857142857143
2026-05-04 06:00:00,S002,Facility 2,10,3,22.6,63.1375
2026-05-04 06:00:00,S003,Facility 3,4,0,22.6,43.125
2026-05-04 06:00:00,S004,Facility 4,8,1,21.275,51.525
2026-05-04 06:00:00,S005,Facility 5,1,0,17.0,31.2
2026-05-04 06:00:00,S006,Facility 6,4,1,21.475,59.6
2026-05-04 06:00:00,S007,Facility 7,4,0,22.15,57.275
2026-05-04 06:00:00,S008,Facility 8,3,0,22.400000000000002,37.5
2026-05-04 06:00:00,S009,Facility 9,9,1,18.799999999999997,40.41111111111112
2026-05-04 06:00:00,S010,Facility 10,4,1,24.55,43.6
2026-05-04 06:00:00,S011,Facility 11,3,0,20.766666666666666,57.26666666666667
2026-05-04 06:00:00,S012,Facility 12,6,0,20.116666666666664,34.1
2026-05-04 06:00:00,S013,Facility 13,4,0,20.35,47.26666666666667
2026-05-04 06:00:00,S014,Facility 14,8,1,20.0,42.28333333333333
2026-05-04 07:00:00,S001,Facility 1,6,0,22.7,43.71666666666667
2026-05-04 07:00:00,S002,Facility 2,5,0,19.66,24.26666666666667
2026-05-04 07:00:00,S003,Facility 3,9,2,19.799999999999997,56.771428571428565
2026-05-04 07:00:00,S004,Facility 4,8,1,19.675,69.3875
2026-05-04 07:00:00,S005,Facility 5,6,1,20.349999999999998,60.800000000000004
2026-05-04 07:00:00,S007,Facility 7,9,0,24.355555555555554,44.577777777777776
2026-05-04 07:00:00,S008,Facility 8,7,0,23.1,53.285714285714285
2026-05-04 07:00:00,S009,Facility 9,13,2,21.153846153846153,60.31666666666666
2026-05-04 07:00:00,S010,Facility 10,9,1,24.177777777777777,56.949999999999996
2026-05-04 07:00:00,S011,Facility 11,5,2,20.68,50.36
2026-05-04 07:00:00,S012,Facility 12,10,3,20.8,67.64
2026-05-04 07:00:00,S013,Facility 13,3,0,22.666666666666668,24.900000000000002
2026-05-04 07:00:00,S014,Facility 14,3,0,19.1,36.93333333333333
2026-05-04 08:00:00,S001,Facility 1,12,0,20.474999999999998,59.9
2026-05-04 08:00:00,S002,Facility 2,2,0,16.85,98.2
2026-05-04 08:00:00,S003,Facility 3,9,0,19.522222222222222,50.72222222222222
2026-05-04 08:00:00,S004,Facility 4,5,0,21.16,42.725
2026-05-04 08:00:00,S005,Facility 5,3,2,23.46666666666667,33.5
2026-05-04 08:00:00,S006,Facility 6,10,2,20.86,41.57
2026-05-04 08:00:00,S007,Facility 7,6,1,22.7,30.2
2026-05-04 08:00:00,S008,Facility 8,6,1,18.2,60.96666666666666
2026-05-04 08:00:00,S009,Facility 9,8,0,23.1625,61.01428571428572
2026-05-04 08:00:00,S010,Facility 10,8,1,22.475,50.542857142857144
2026-05-04 08:00:00,S011,Facility 11,7,1,24.7,63.07142857142857
2026-05-04 08:00:00,S012,Facility 12,8,2,19.0,41.9125
2026-05-04 08:00:00,S013,Facility 13,4,0,18.275,53.26666666666667
2026-05-04 08:00:00,S014,Facility 14,2,0,24.45,47.900000000000006
2026-05-04 09:00:00,S001,Facility 1,9,2,20.766666666666666,39.15555555555555
2026-05-04 09:00:00,S002,Facility 2,1,0,13.4,93.0
2026-05-04 09:00:00,S003,Facility 3,8,0,18.125,51.112500000000004
2026-05-04 09:00:00,S004,Facility 4,1,0,17.5,81.4
2026-05-04 09:00:00,S005,Facility 5,5,1,23.56,56.42
2026-05-04 09:00:00,S006,Facility 6,4,2,22.05,62.075
2026-05-04 09:00:00,S007,Facility 7,8,1,22.925,40.471428571428575
2026-05-04 09:00:00,S008,Facility 8,4,2,20.375,68.96666666666667
2026-05-04 09:00:00,S009,Facility 9,9,1,16.977777777777778,66.61111111111111
2026-05-04 09:00:00,S010,Facility 10,7,1,19.900000000000002,58.550000000000004
2026-05-04 09:00:00,S011,Facility 11,5,0,22.34,49.56
2026-05-04 09:00:00,S012,Facility 12,9,1,17.333333333333332,41.28888888888889
2026-05-04 09:00:00,S013,Facility 13,7,0,20.842857142857145,53.385714285714286
2026-05-04 09:00:00,S014,Facility 14,4,1,19.825,65.125
2026-05-04 10:00:00,S001,Facility 1,8,1,18.75,46.642857142857146
2026-05-04 10:00:00,S002,Facility 2,4,0,22.125,32.23333333333333
2026-05-04 10:00:00,S003,Facility 3,4,1,18.35,41.725
2026-05-04 10:00:00,S004,Facility 4,8,2,19.1125,72.22857142857143
2026-05-04 10:00:00,S005,Facility 5,3,0,20.8,45.166666666666664
2026-05-04 10:00:00,S006,Facility 6,7,3,22.057142857142857,46.142857142857146
2026-05-04 10:00:00,S007,Facility 7,3,0,22.333333333333332,10.95
2026-05-04 10:00:00,S008,Facility 8,9,0,19.833333333333332,46.4
2026-05-04 10:00:00,S009,Facility 9,5,1,24.14,45.5
2026-05-04 10:00:00,S010,Facility 10,4,0,19.0,40.63333333333333
2026-05-04 10:00:00,S011,Facility 11,8,0,21.4,54.9
2026-05-04 10:00:00,S012,Facility 12,8,1,20.4625,42.557142857142864
2026-05-04 10:00:00,S013,Facility 13,9,1,20.1,74.76666666666667
2026-05-04 10:00:00,S014,Facility 14,4,1,17.775,42.8
2026-05-04 11:00:00,S001,Facility 1,10,1,18.490000000000002,33.71
2026-05-04 11:00:00,S002,Facility 2,5,0,26.6,47.175
2026-05-04 11:00:00,S003,Facility 3,5,0,20.1,58.17999999999999
2026-05-04 11:00:00,S004,Facility 4,3,0,22.3,71.5
2026-05-04 11:00:00,S005,Facility 5,7,2,20.185714285714287,42.083333333333336
2026-05-04 11:00:00,S006,Facility 6,1,0,21.9,22.1
2026-05-04 11:00:00,S007,Facility 7,7,2,21.62857142857143,40.666666666666664
2026-05-04 11:00:00,S008,Facility 8,7,1,19.042857142857144,57.4
2026-05-04 11:00:00,S009,Facility 9,9,2,19.133333333333333,36.22222222222222
2026-05-04 11:00:00,S010,Facility 10,3,0,22.666666666666668,68.03333333333333
2026-05-04 11:00:00,S011,Facility 11,6,0,22.016666666666666,38.08
2026-05-04 11:00:00,S012,Facility 12,4,0,22.625,48.4
2026-05-04 11:00:00,S013,Facility 13,9,4,20.477777777777778,61.6125
2026-05-04 11:00:00,S014,Facility 14,6,2,22.333333333333332,56.23333333333333
2026-05-04 12:00:00,S001,Facility 1,6,0,17.816666666666666,53.38000000000001
2026-05-04 12:00:00,S002,Facility 2,2,0,24.15,27.8
2026-05-04 12:00:00,S003,Facility 3,8,0,18.2,41.300000000000004
2026-05-04 12:00:00,S004,Facility 4,9,1,18.655555555555555,52.644444444444446
2026-05-04 12:00:00,S005,Facility 5,2,1,14.85,11.600000000000001
2026-05-04 12:00:00,S006,Facility 6,5,2,20.139999999999997,54.0
2026-05-04 12:00:00,S007,Facility 7,8,1,17.0875,43.58571428571429
2026-05-04 12:00:00,S008,Facility 8,5,1,23.560000000000002,66.56
2026-05-04 12:00:00,S009,Facility 9,10,2,19.759999999999998,62.29
2026-05-04 12:00:00,S010,Facility 10,11,1,21.40909090909091,53.870000000000005
2026-05-04 12:00:00,S011,Facility 11,4,2,20.775,50.675
2026-05-04 12:00:00,S012,Facility 12,10,2,20.59,37.511111111111106
2026-05-04 12:00:00,S013,Facility 13,7,0,21.985714285714288,49.4
2026-05-04 12:00:00,S014,Facility 14,6,1,22.183333333333334,51.019999999999996
2026-05-04 13:00:00,S001,Facility 1,9,2,19.766666666666666,34.74285714285714
2026-05-04 13:00:00,S002,Facility 2,4,0,19.15,32.36666666666667
2026-05-04 13:00:00,S003,Facility 3,11,1,23.89090909090909,59.627272727272725
2026-05-04 13:00:00,S004,Facility 4,4,1,14.425,50.2
2026-05-04 13:00:00,S005,Facility 5,5,0,21.880000000000003,39.26
2026-05-04 13:00:00,S006,Facility 6,1,0,20.9,60.3
2026-05-04 13:00:00,S007,Facility 7,6,1,24.133333333333336,40.480000000000004
2026-05-04 13:00:00,S008,Facility 8,5,1,22.68,45.980000000000004
2026-05-04 13:00:00,S009,Facility 9,10,2,21.240000000000002,57.58
2026-05-04 13:00:00,S010,Facility 10,9,1,21.133333333333333,59.62222222222223
2026-05-04 13:00:00,S011,Facility 11,7,2,18.142857142857142,52.699999999999996
2026-05-04 13:00:00,S012,Facility 12,5,0,21.080000000000002,39.625
2026-05-04 13:00:00,S013,Facility 13,7,1,23.542857142857144,54.46666666666667
2026-05-04 13:00:00,S014,Facility 14,11,2,21.900000000000002,50.43636363636363
2026-05-04 14:00:00,S001,Facility 1,5,0,23.98,57.04
2026-05-04 14:00:00,S002,Facility 2,1,0,16.2,82.1
2026-05-04 14:00:00,S003,Facility 3,6,1,17.366666666666664,41.35
2026-05-04 14:00:00,S004,Facility 4,7,1,24.657142857142855,54.73333333333333
2026-05-04 14:00:00,S005,Facility 5,4,0,21.6,55.8
2026-05-04 14:00:00,S006,Facility 6,2,0,19.8,34.4
2026-05-04 14:00:00,S007,Facility 7,5,0,19.759999999999998,29.7
2026-05-04 14:00:00,S008,Facility 8,6,0,19.033333333333335,46.416666666666664
2026-05-04 14:00:00,S009,Facility 9,5,0,19.78,40.18
2026-05-04 14:00:00,S010,Facility 10,8,0,22.8125,63.912499999999994
2026-05-04 14:00:00,S011,Facility 11,9,0,17.27777777777778,50.85
2026-05-04 14:00:00,S012,Facility 12,5,1,16.34,40.074999999999996
2026-05-04 14:00:00,S013,Facility 13,5,0,26.139999999999997,29.340000000000003
2026-05-04 14:00:00,S014,Facility 14,9,0,20.322222222222223,70.34444444444445
2026-05-04 15:00:00,S001,Facility 1,8,2,22.225,53.637499999999996
2026-05-04 15:00:00,S002,Facility 2,2,1,20.25,50.15
2026-05-04 15:00:00,S003,Facility 3,6,0,19.45,44.375
2026-05-04 15:00:00,S004,Facility 4,6,1,20.116666666666667,59.26666666666667
2026-05-04 15:00:00,S005,Facility 5,2,0,21.9,56.199999999999996
2026-05-04 15:00:00,S006,Facility 6,3,0,20.666666666666668,28.033333333333335
2026-05-04 15:00:00,S007,Facility 7,5,0,16.8,54.620000000000005
2026-05-04 15:00:00,S008,Facility 8,8,2,21.1375,63.96
2026-05-04 15:00:00,S009,Facility 9,12,1,22.691666666666666,66.80833333333334
2026-05-04 15:00:00,S010,Facility 10,9,0,19.38888888888889,52.7625
2026-05-04 15:00:00,S011,Facility 11,6,0,19.78333333333333,67.9
2026-05-04 15:00:00,S012,Facility 12,7,2,18.157142857142855,47.642857142857146
2026-05-04 15:00:00,S013,Facility 13,5,0,23.3,51.625
2026-05-04 15:00:00,S014,Facility 14,8,0,24.7,36.51666666666667
2026-05-04 16:00:00,S001,Facility 1,7,3,19.642857142857142,45.971428571428575
2026-05-04 16:00:00,S002,Facility 2,4,1,22.0,45.475
2026-05-04 16:00:00,S003,Facility 3,14,1,18.7,40.30714285714286
2026-05-04 16:00:00,S004,Facility 4,6,0,17.733333333333334,45.88333333333333
2026-05-04 16:00:00,S005,Facility 5,2,1,16.799999999999997,88.25
2026-05-04 16:00:00,S006,Facility 6,3,1,17.833333333333332,14.5
2026-05-04 16:00:00,S007,Facility 7,4,0,23.5,28.566666666666666
2026-05-04 16:00:00,S008,Facility 8,5,0,23.68,31.339999999999996
2026-05-04 16:00:00,S009,Facility 9,5,0,19.759999999999998,46.7
2026-05-04 16:00:00,S010,Facility 10,10,0,22.72,39.55
2026-05-04 16:00:00,S011,Facility 11,6,1,20.366666666666667,55.800000000000004
2026-05-04 16:00:00,S012,Facility 12,8,3,17.3625,38.7125
2026-05-04 16:00:00,S013,Facility 13,7,1,21.985714285714288,51.228571428571435
2026-05-04 16:00:00,S014,Facility 14,5,0,25.48,32.46
2026-05-04 17:00:00,S001,Facility 1,7,0,18.071428571428573,50.84285714285714
2026-05-04 17:00:00,S002,Facility 2,6,0,21.3,31.366666666666664
2026-05-04 17:00:00,S003,Facility 3,14,1,21.271428571428572,47.64166666666667
2026-05-04 17:00:00,S004,Facility 4,9,1,17.466666666666665,60.6125
2026-05-04 17:00:00,S005,Facility 5,9,1,18.866666666666667,42.31111111111111
2026-05-04 17:00:00,S006,Facility 6,6,2,17.583333333333332,53.51666666666667
2026-05-04 17:00:00,S007,Facility 7,5,2,23.28,38.8
2026-05-04 17:00:00,S008,Facility 8,7,1,20.014285714285712,48.714285714285715
2026-05-04 17:00:00,S009,Facility 9,9,0,21.677777777777777,50.475
2026-05-04 17:00:00,S010,Facility 10,6,0,22.099999999999998,49.2
2026-05-04 17:00:00,S011,Facility 11,10,1,23.95,47.56
2026-05-04 17:00:00,S012,Facility 12,4,1,15.05,54.1
2026-05-04 17:00:00,S013,Facility 13,5,1,25.860000000000003,37.339999999999996
2026-05-04 17:00:00,S014,Facility 14,5,0,24.64,64.85999999999999
2026-05-04 18:00:00,S001,Facility 1,7,0,19.542857142857144,44.41428571428571
2026-05-04 18:00:00,S002,Facility 2,3,0,24.333333333333332,37.86666666666667
2026-05-04 18:00:00,S003,Facility 3,9,0,20.444444444444443,38.0375
2026-05-04 18:00:00,S004,Facility 4,7,0,20.0,43.18333333333334
2026-05-04 18:00:00,S005,Facility 5,7,0,20.271428571428572,55.75714285714286
2026-05-04 18:00:00,S006,Facility 6,8,1,18.375,26.61428571428571
2026-05-04 18:00:00,S007,Facility 7,3,1,25.400000000000002,46.633333333333326
2026-05-04 18:00:00,S008,Facility 8,6,0,19.46666666666667,39.61666666666667
2026-05-04 18:00:00,S009,Facility 9,11,0,21.572727272727274,55.71111111111111
2026-05-04 18:00:00,S010,Facility 10,4,1,23.475,78.725
2026-05-04 18:00:00,S011,Facility 11,4,1,24.1,61.199999999999996
2026-05-04 18:00:00,S012,Facility 12,4,0,19.7,46.224999999999994
2026-05-04 18:00:00,S013,Facility 13,5,0,24.5,59.5
2026-05-04 18:00:00,S014,Facility 14,8,0,17.5625,50.975
2026-05-04 19:00:00,S001,Facility 1,8,1,18.5,51.916666666666664
2026-05-04 19:00:00,S002,Facility 2,9,0,20.799999999999997,54.528571428571425
2026-05-04 19:00:00,S003,Facility 3,6,0,18.8,57.8
2026-05-04 19:00:00,S004,Facility 4,7,2,17.914285714285715,40.6
2026-05-04 19:00:00,S005,Facility 5,4,1,22.775,52.1
2026-05-04 19:00:00,S006,Facility 6,3,0,22.566666666666666,54.0
2026-05-04 19:00:00,S007,Facility 7,6,0,20.083333333333332,44.54
2026-05-04 19:00:00,S008,Facility 8,4,1,21.05,63.400000000000006
2026-05-04 19:00:00,S009,Facility 9,5,1,22.44,36.175000000000004
2026-05-04 19:00:00,S010,Facility 10,4,1,19.75,51.3
2026-05-04 19:00:00,S011,Facility 11,9,3,20.62222222222222,61.975
2026-05-04 19:00:00,S012,Facility 12,8,2,21.5375,47.042857142857144
2026-05-04 19:00:00,S013,Facility 13,10,2,22.759999999999998,38.9
2026-05-04 19:00:00,S014,Facility 14,4,0,18.475,26.175
2026-05-04 20:00:00,S001,Facility 1,9,2,20.455555555555556,68.24444444444445
2026-05-04 20:00:00,S002,Facility 2,8,1,19.712500000000002,36.762499999999996
2026-05-04 20:00:00,S003,Facility 3,6,1,19.45,72.9
2026-05-04 20:00:00,S004,Facility 4,3,1,17.833333333333332,45.73333333333333
2026-05-04 20:00:00,S005,Facility 5,5,0,23.36,58.23333333333334
2026-05-04 20:00:00,S006,Facility 6,3,1,24.0,74.85
2026-05-04 20:00:00,S007,Facility 7,7,2,24.885714285714283,41.18333333333334
2026-05-04 20:00:00,S008,Facility 8,2,0,25.6,52.65
2026-05-04 20:00:00,S009,Facility 9,5,1,18.98,47.3
2026-05-04 20:00:00,S010,Facility 10,6,0,20.316666666666666,54.339999999999996
2026-05-04 20:00:00,S011,Facility 11,7,2,19.32857142857143,46.839999999999996
2026-05-04 20:00:00,S012,Facility 12,10,1,21.27,48.269999999999996
2026-05-04 20:00:00,S013,Facility 13,7,1,18.557142857142857,62.95714285714286
2026-05-04 20:00:00,S014,Facility 14,2,0,18.4,40.150000000000006
2026-05-04 21:00:00,S001,Facility 1,13,0,22.45384615384615,45.916666666666664
2026-05-04 21:00:00,S002,Facility 2,2,0,21.65,38.2
2026-05-04 21:00:00,S003,Facility 3,15,2,19.486666666666668,36.93333333333333
2026-05-04 21:00:00,S004,Facility 4,6,2,18.283333333333335,33.61666666666667
2026-05-04 21:00:00,S005,Facility 5,3,0,22.96666666666667,32.3
2026-05-04 21:00:00,S006,Facility 6,3,0,18.233333333333334,38.85
2026-05-04 21:00:00,S007,Facility 7,5,1,25.580000000000002,58.919999999999995
2026-05-04 21:00:00,S008,Facility 8,4,0,19.675,42.266666666666666
2026-05-04 21:00:00,S009,Facility 9,10,1,21.06,46.04
2026-05-04 21:00:00,S010,Facility 10,7,1,19.414285714285715,36.15714285714286
2026-05-04 21:00:00,S011,Facility 11,8,0,22.1625,60.32857142857143
2026-05-04 21:00:00,S012,Facility 12,4,0,23.95,62.650000000000006
2026-05-04 21:00:00,S013,Facility 13,6,0,19.7,57.06666666666667
2026-05-04 21:00:00,S014,Facility 14,3,0,20.966666666666665,21.549999999999997
2026-05-04 22:00:00,S001,Facility 1,12,1,18.708333333333332,55.51818181818182
2026-05-04 22:00:00,S002,Facility 2,2,0,18.8,45.1
2026-05-04 22:00:00,S003,Facility 3,10,0,22.130000000000003,36.324999999999996
2026-05-04 22:00:00,S004,Facility 4,2,0,22.15,52.3
2026-05-04 22:00:00,S005,Facility 5,2,1,23.75,99.8
2026-05-04 22:00:00,S006,Facility 6,2,0,21.8,91.4
2026-05-04 22:00:00,S007,Facility 7,4,1,26.65,48.9
2026-05-04 22:00:00,S008,Facility 8,8,0,19.6,55.3875
2026-05-04 22:00:00,S009,Facility 9,8,0,20.5875,57.6125
2026-05-04 22:00:00,S010,Facility 10,7,0,21.75714285714286,63.57142857142857
2026-05-04 22:00:00,S011,Facility 11,5,0,22.42,63.02
2026-05-04 22:00:00,S012,Facility 12,6,2,20.433333333333334,70.18333333333334
2026-05-04 22:00:00,S013,Facility 13,9,4,22.066666666666666,44.612500000000004
2026-05-04 22:00:00,S014,Facility 14,9,2,24.022222222222222,43.775
2026-05-04 23:00:00,S001,Facility 1,9,0,17.966666666666665,38.333333333333336
2026-05-04 23:00:00,S002,Facility 2,4,1,21.05,80.13333333333334
2026-05-04 23:00:00,S003,Facility 3,14,1,21.67142857142857,47.81818181818182
2026-05-04 23:00:00,S004,Facility 4,9,0,16.744444444444444,43.7
2026-05-04 23:00:00,S005,Facility 5,1,0,13.2,95.8
2026-05-04 23:00:00,S006,Facility 6,4,0,20.35,37.975
2026-05-04 23:00:00,S007,Facility 7,8,1,19.5625,44.142857142857146
2026-05-04 23:00:00,S008,Facility 8,5,0,21.6,58.7
2026-05-04 23:00:00,S009,Facility 9,7,1,22.042857142857144,52.271428571428565
2026-05-04 23:00:00,S010,Facility 10,5,0,20.94,48.32
2026-05-04 23:00:00,S011,Facility 11,10,1,21.91,42.47777777777778
2026-05-04 23:00:00,S012,Facility 12,4,0,22.85,55.050000000000004
2026-05-04 23:00:00,S013,Facility 13,8,1,20.175,48.4375
2026-05-04 23:00:00,S014,Facility 14,8,2,23.825,60.7375
2026-05-05 00:00:00,S001,Facility 1,12,3,20.966666666666665,41.554545454545455
2026-05-05 00:00:00,S002,Facility 2,4,0,18.45,53.3
2026-05-05 00:00:00,S003,Facility 3,13,1,20.946153846153848,48.40833333333333
2026-05-05 00:00:00,S004,Facility 4,6,0,24.166666666666668,41.46666666666667
2026-05-05 00:00:00,S005,Facility 5,2,0,22.85,44.65
2026-05-05 00:00:00,S006,Facility 6,7,0,21.97142857142857,39.128571428571426
2026-05-05 00:00:00,S007,Facility 7,4,1,24.075,83.23333333333333
2026-05-05 00:00:00,S008,Facility 8,9,1,22.966666666666665,49.875
2026-05-05 00:00:00,S009,Facility 9,6,0,18.599999999999998,59.75
2026-05-05 00:00:00,S010,Facility 10,9,2,21.72222222222222,44.32222222222222
2026-05-05 00:00:00,S011,Facility 11,8,0,20.975,44.775
2026-05-05 00:00:00,S012,Facility 12,5,1,21.919999999999998,39.54
2026-05-05 00:00:00,S013,Facility 13,8,0,20.3625,64.94285714285715
2026-05-05 00:00:00,S014,Facility 14,3,0,22.133333333333336,61.199999999999996
2026-05-05 01:00:00,S001,Facility 1,6,0,24.45,31.740000000000002
2026-05-05 01:00:00,S002,Facility 2,6,0,19.599999999999998,60.06666666666666
2026-05-05 01:00:00,S003,Facility 3,8,1,22.1625,47.6375
2026-05-05 01:00:00,S004,Facility 4,9,0,22.066666666666666,46.1375
2026-05-05 01:00:00,S005,Facility 5,3,1,20.433333333333334,13.5
2026-05-05 01:00:00,S006,Facility 6,2,0,20.6,96.65
2026-05-05 01:00:00,S007,Facility 7,4,0,25.475,52.975
2026-05-05 01:00:00,S008,Facility 8,2,0,24.5,61.95
2026-05-05 01:00:00,S009,Facility 9,12,1,20.433333333333334,40.5
2026-05-05 01:00:00,S010,Facility 10,11,0,21.66363636363636,40.14
2026-05-05 01:00:00,S011,Facility 11,10,2,21.05,38.68888888888889
2026-05-05 01:00:00,S012,Facility 12,4,0,18.225,30.25
2026-05-05 01:00:00,S013,Facility 13,6,0,20.599999999999998,38.96
2026-05-05 01:00:00,S014,Facility 14,7,0,20.37142857142857,41.57142857142857
2026-05-05 02:00:00,S001,Facility 1,10,1,19.86,39.08888888888889
2026-05-05 02:00:00,S002,Facility 2,1,0,22.7,47.0
2026-05-05 02:00:00,S003,Facility 3,10,1,23.080000000000002,53.8125
2026-05-05 02:00:00,S004,Facility 4,6,2,18.833333333333332,46.949999999999996
2026-05-05 02:00:00,S005,Facility 5,3,1,22.8,25.566666666666666
2026-05-05 02:00:00,S006,Facility 6,5,1,17.98,69.25999999999999
2026-05-05 02:00:00,S007,Facility 7,5,1,23.580000000000002,45.9
2026-05-05 02:00:00,S008,Facility 8,4,1,23.55,24.375
2026-05-05 02:00:00,S009,Facility 9,10,2,20.919999999999998,37.410000000000004
2026-05-05 02:00:00,S010,Facility 10,9,1,24.555555555555557,54.13333333333333
2026-05-05 02:00:00,S011,Facility 11,8,2,22.175,38.357142857142854
2026-05-05 02:00:00,S012,Facility 12,7,3,19.8,51.6
2026-05-05 02:00:00,S013,Facility 13,8,2,20.5625,38.85
2026-05-05 02:00:00,S014,Facility 14,5,0,20.84,46.44
2026-05-05 03:00:00,S001,Facility 1,11,0,18.436363636363634,47.9875
2026-05-05 03:00:00,S002,Facility 2,9,1,19.744444444444444,54.9
2026-05-05 03:00:00,S003,Facility 3,7,1,18.842857142857145,41.699999999999996
2026-05-05 03:00:00,S004,Facility 4,4,0,17.25,66.10000000000001
2026-05-05 03:00:00,S005,Facility 5,3,0,19.633333333333333,47.4
2026-05-05 03:00:00,S006,Facility 6,3,0,17.566666666666666,55.70000000000001
2026-05-05 03:00:00,S007,Facility 7,9,2,19.966666666666665,69.5125
2026-05-05 03:00:00,S008,Facility 8,2,1,22.25,52.1
2026-05-05 03:00:00,S009,Facility 9,7,0,22.400000000000002,34.1
2026-05-05 03:00:00,S010,Facility 10,7,1,19.842857142857145,52.199999999999996
2026-05-05 03:00:00,S011,Facility 11,8,2,20.2125,39.7625
2026-05-05 03:00:00,S012,Facility 12,7,3,15.928571428571429,49.27142857142858
2026-05-05 03:00:00,S013,Facility 13,7,1,20.385714285714283,55.61666666666667
2026-05-05 03:00:00,S014,Facility 14,3,0,17.73333333333333,49.3
2026-05-05 04:00:00,S001,Facility 1,8,2,20.7,45.0875
2026-05-05 04:00:00,S002,Facility 2,7,3,19.7,56.42857142857143
2026-05-05 04:00:00,S003,Facility 3,8,0,20.375,51.642857142857146
2026-05-05 04:00:00,S004,Facility 4,7,0,20.014285714285712,55.728571428571435
2026-05-05 04:00:00,S005,Facility 5,6,2,24.05,36.21666666666667
2026-05-05 04:00:00,S006,Facility 6,5,1,20.56,56.6
2026-05-05 04:00:00,S007,Facility 7,5,0,23.34,63.98
2026-05-05 04:00:00,S008,Facility 8,8,1,19.675,58.528571428571425
2026-05-05 04:00:00,S009,Facility 9,5,1,24.8,54.3
2026-05-05 04:00:00,S010,Facility 10,3,0,24.433333333333334,73.63333333333334
2026-05-05 04:00:00,S011,Facility 11,6,2,22.883333333333336,34.2
2026-05-05 04:00:00,S012,Facility 12,6,0,18.45,54.79999999999999
2026-05-05 04:00:00,S013,Facility 13,4,1,22.325,50.150000000000006
2026-05-05 04:00:00,S014,Facility 14,9,0,22.833333333333332,53.82222222222222
2026-05-05 05:00:00,S001,Facility 1,8,0,21.150000000000002,45.31428571428571
2026-05-05 05:00:00,S002,Facility 2,6,0,21.349999999999998,52.050000000000004
2026-05-05 05:00:00,S003,Facility 3,7,0,24.542857142857144,47.75
2026-05-05 05:00:00,S004,Facility 4,7,1,19.771428571428572,45.51666666666667
2026-05-05 05:00:00,S005,Facility 5,4,0,25.625,56.025
2026-05-05 05:00:00,S006,Facility 6,4,1,22.775,51.23333333333334
2026-05-05 05:00:00,S007,Facility 7,5,2,23.9,57.275
2026-05-05 05:00:00,S008,Facility 8,7,2,20.357142857142858,54.07142857142857
2026-05-05 05:00:00,S009,Facility 9,5,0,21.16,66.42
2026-05-05 05:00:00,S010,Facility 10,7,2,20.342857142857145,53.25714285714286
2026-05-05 05:00:00,S011,Facility 11,8,2,19.775000000000002,44.9375
2026-05-05 05:00:00,S012,Facility 12,5,1,18.66,47.025000000000006
2026-05-05 05:00:00,S013,Facility 13,7,0,19.585714285714285,45.31428571428571
2026-05-05 05:00:00,S014,Facility 14,5,0,21.2,18.96
2026-05-05 06:00:00,S001,Facility 1,5,1,23.16,50.14
2026-05-05 06:00:00,S002,Facility 2,3,1,21.099999999999998,64.10000000000001
2026-05-05 06:00:00,S003,Facility 3,4,1,21.0,75.85
2026-05-05 06:00:00,S004,Facility 4,10,2,21.119999999999997,59.42
2026-05-05 06:00:00,S005,Facility 5,7,0,18.685714285714287,57.5
2026-05-05 06:00:00,S006,Facility 6,6,2,20.5,57.15
2026-05-05 06:00:00,S007,Facility 7,7,1,18.914285714285715,30.439999999999998
2026-05-05 06:00:00,S008,Facility 8,7,2,21.885714285714283,53.41428571428571
2026-05-05 06:00:00,S009,Facility 9,8,0,19.875,49.6875
2026-05-05 06:00:00,S010,Facility 10,7,0,20.942857142857143,71.10000000000001
2026-05-05 06:00:00,S011,Facility 11,1,0,13.8,69.8
2026-05-05 06:00:00,S012,Facility 12,7,2,21.771428571428572,60.98333333333333
2026-05-05 06:00:00,S013,Facility 13,1,0,20.0,37.5
2026-05-05 06:00:00,S014,Facility 14,7,0,21.157142857142855,52.06666666666667
2026-05-05 07:00:00,S001,Facility 1,8,2,19.3125,54.58571428571429
2026-05-05 07:00:00,S002,Facility 2,7,2,22.414285714285715,44.42
2026-05-05 07:00:00,S003,Facility 3,10,1,21.52,52.56666666666667
2026-05-05 07:00:00,S004,Facility 4,10,1,19.19,50.77777777777778
2026-05-05 07:00:00,S005,Facility 5,3,0,22.166666666666668,58.96666666666667
2026-05-05 07:00:00,S006,Facility 6,1,0,21.3,80.8
2026-05-05 07:00:00,S007,Facility 7,5,0,22.1,29.380000000000003
2026-05-05 07:00:00,S008,Facility 8,7,1,21.7,52.214285714285715
2026-05-05 07:00:00,S009,Facility 9,6,0,23.349999999999998,38.6
2026-05-05 07:00:00,S010,Facility 10,13,3,21.184615384615384,45.666666666666664
2026-05-05 07:00:00,S011,Facility 11,10,0,22.57,54.07000000000001
2026-05-05 07:00:00,S012,Facility 12,8,3,20.6,51.3125
2026-05-05 07:00:00,S013,Facility 13,6,1,20.766666666666666,75.28333333333333
2026-05-05 07:00:00,S014,Facility 14,6,0,18.483333333333334,54.6
2026-05-05 08:00:00,S001,Facility 1,14,2,21.735714285714288,49.8
2026-05-05 08:00:00,S002,Facility 2,4,0,24.475,36.76666666666667
2026-05-05 08:00:00,S003,Facility 3,10,1,18.919999999999998,62.54
2026-05-05 08:00:00,S004,Facility 4,5,3,19.080000000000002,39.375
2026-05-05 08:00:00,S005,Facility 5,2,0,16.45,69.2
2026-05-05 08:00:00,S006,Facility 6,4,0,23.525,57.175000000000004
2026-05-05 08:00:00,S007,Facility 7,3,1,22.233333333333334,28.53333333333333
2026-05-05 08:00:00,S008,Facility 8,4,0,23.825,52.3
2026-05-05 08:00:00,S009,Facility 9,9,3,21.555555555555557,49.375
2026-05-05 08:00:00,S010,Facility 10,5,0,22.34,49.28
2026-05-05 08:00:00,S011,Facility 11,6,3,20.783333333333335,30.900000000000002
2026-05-05 08:00:00,S012,Facility 12,8,1,23.4625,59.225
2026-05-05 08:00:00,S013,Facility 13,4,1,25.325,40.6
2026-05-05 08:00:00,S014,Facility 14,3,0,21.599999999999998,57.55
2026-05-05 09:00:00,S001,Facility 1,9,0,19.477777777777778,39.025
2026-05-05 09:00:00,S002,Facility 2,4,0,26.15,42.775
2026-05-05 09:00:00,S003,Facility 3,10,1,22.490000000000002,45.510000000000005
2026-05-05 09:00:00,S004,Facility 4,4,1,22.575,41.166666666666664
2026-05-05 09:00:00,S005,Facility 5,5,1,21.160000000000004,49.22
2026-05-05 09:00:00,S006,Facility 6,1,1,25.2,56.0
2026-05-05 09:00:00,S007,Facility 7,3,0,20.400000000000002,45.96666666666667
2026-05-05 09:00:00,S008,Facility 8,4,1,20.299999999999997,48.875
2026-05-05 09:00:00,S009,Facility 9,11,1,21.37272727272727,61.8
2026-05-05 09:00:00,S010,Facility 10,7,0,21.728571428571428,53.67142857142858
2026-05-05 09:00:00,S011,Facility 11,9,0,19.9,59.975
2026-05-05 09:00:00,S012,Facility 12,9,1,20.266666666666666,50.2875
2026-05-05 09:00:00,S013,Facility 13,8,3,21.1875,69.7625
2026-05-05 09:00:00,S014,Facility 14,1,1,24.8,28.1
2026-05-05 10:00:00,S001,Facility 1,11,2,20.327272727272728,36.06666666666667
2026-05-05 10:00:00,S002,Facility 2,8,2,23.125,29.525
2026-05-05 10:00:00,S003,Facility 3,4,0,24.575,48.95
2026-05-05 10:00:00,S004,Facility 4,2,0,23.75,88.30000000000001
2026-05-05 10:00:00,S005,Facility 5,4,0,14.575,60.75
2026-05-05 10:00:00,S006,Facility 6,4,0,21.025,34.4
2026-05-05 10:00:00,S007,Facility 7,9,2,19.744444444444444,65.63333333333334
2026-05-05 10:00:00,S008,Facility 8,7,0,21.342857142857145,45.29999999999999
2026-05-05 10:00:00,S009,Facility 9,9,2,20.666666666666668,44.611111111111114
2026-05-05 10:00:00,S010,Facility 10,7,1,19.771428571428572,34.542857142857144
2026-05-05 10:00:00,S011,Facility 11,7,1,18.385714285714283,47.27142857142858
2026-05-05 10:00:00,S012,Facility 12,5,0,18.240000000000002,48.24
2026-05-05 10:00:00,S013,Facility 13,7,1,20.542857142857144,31.766666666666666
2026-05-05 10:00:00,S014,Facility 14,4,1,20.525,36.95
2026-05-05 11:00:00,S001,Facility 1,8,0,19.5875,46.65
2026-05-05 11:00:00,S002,Facility 2,3,0,20.900000000000002,14.566666666666668
2026-05-05 11:00:00,S003,Facility 3,9,0,21.38888888888889,47.825
2026-05-05 11:00:00,S004,Facility 4,7,0,17.77142857142857,57.58571428571429
2026-05-05 11:00:00,S005,Facility 5,5,0,20.32,44.519999999999996
2026-05-05 11:00:00,S006,Facility 6,3,1,24.633333333333336,33.06666666666667
2026-05-05 11:00:00,S007,Facility 7,6,0,20.95,31.083333333333332
2026-05-05 11:00:00,S008,Facility 8,8,2,22.6875,41.887499999999996
2026-05-05 11:00:00,S009,Facility 9,2,0,18.4,41.1
2026-05-05 11:00:00,S010,Facility 10,7,2,24.214285714285715,60.4
2026-05-05 11:00:00,S011,Facility 11,7,0,20.385714285714283,47.92857142857143
2026-05-05 11:00:00,S012,Facility 12,9,1,21.299999999999997,53.333333333333336
2026-05-05 11:00:00,S013,Facility 13,3,0,21.233333333333334,39.86666666666667
2026-05-05 11:00:00,S014,Facility 14,8,0,22.9125,43.44285714285714
2026-05-05 12:00:00,S001,Facility 1,11,1,19.318181818181817,44.48888888888889
2026-05-05 12:00:00,S002,Facility 2,3,0,26.599999999999998,20.900000000000002
2026-05-05 12:00:00,S003,Facility 3,4,0,26.55,35.63333333333333
2026-05-05 12:00:00,S004,Facility 4,8,2,21.9875,43.81666666666666
2026-05-05 12:00:00,S005,Facility 5,4,1,24.275,53.5
2026-05-05 12:00:00,S006,Facility 6,7,0,18.87142857142857,42.199999999999996
2026-05-05 12:00:00,S007,Facility 7,5,1,17.5,70.6
2026-05-05 12:00:00,S008,Facility 8,8,0,19.6,45.885714285714286
2026-05-05 12:00:00,S009,Facility 9,4,0,16.6,14.6
2026-05-05 12:00:00,S010,Facility 10,13,1,23.23846153846154,67.97
2026-05-05 12:00:00,S011,Facility 11,4,0,21.35,58.849999999999994
2026-05-05 12:00:00,S012,Facility 12,7,0,22.057142857142857,39.266666666666666
2026-05-05 12:00:00,S013,Facility 13,7,1,21.842857142857145,36.333333333333336
2026-05-05 12:00:00,S014,Facility 14,3,0,19.233333333333334,36.93333333333334
2026-05-05 13:00:00,S001,Facility 1,8,0,18.7625,58.957142857142856
2026-05-05 13:00:00,S002,Facility 2,1,0,30.5,17.4
2026-05-05 13:00:00,S003,Facility 3,16,2,21.3625,51.79333333333333
2026-05-05 13:00:00,S004,Facility 4,14,1,19.907142857142855,43.94285714285714
2026-05-05 13:00:00,S005,Facility 5,5,0,19.98,48.2
2026-05-05 13:00:00,S006,Facility 6,4,1,16.6,58.800000000000004
2026-05-05 13:00:00,S007,Facility 7,6,1,25.0,54.48
2026-05-05 13:00:00,S008,Facility 8,6,1,18.766666666666666,46.93333333333333
2026-05-05 13:00:00,S009,Facility 9,12,3,21.650000000000002,49.5
2026-05-05 13:00:00,S010,Facility 10,7,2,22.857142857142858,42.4
2026-05-05 13:00:00,S011,Facility 11,6,2,23.016666666666666,59.199999999999996
2026-05-05 13:00:00,S012,Facility 12,6,1,22.2,56.61666666666667
2026-05-05 13:00:00,S013,Facility 13,8,1,23.55,41.9375
2026-05-05 13:00:00,S014,Facility 14,6,1,26.016666666666666,57.35
2026-05-05 14:00:00,S001,Facility 1,9,1,19.688888888888886,74.1375
2026-05-05 14:00:00,S002,Facility 2,8,0,23.525,68.97142857142858
2026-05-05 14:00:00,S003,Facility 3,8,1,17.925,63.800000000000004
2026-05-05 14:00:00,S004,Facility 4,9,2,19.51111111111111,53.300000000000004
2026-05-05 14:00:00,S005,Facility 5,4,0,17.975,64.925
2026-05-05 14:00:00,S006,Facility 6,2,0,22.35,45.449999999999996
2026-05-05 14:00:00,S007,Facility 7,3,0,24.400000000000002,39.2
2026-05-05 14:00:00,S008,Facility 8,8,0,21.8625,39.916666666666664
2026-05-05 14:00:00,S009,Facility 9,5,1,20.080000000000002,50.94
2026-05-05 14:00:00,S010,Facility 10,10,0,22.72,56.925000000000004
2026-05-05 14:00:00,S011,Facility 11,8,1,23.1,50.74285714285715
2026-05-05 14:00:00,S012,Facility 12,8,1,20.85,32.75714285714286
2026-05-05 14:00:00,S013,Facility 13,8,0,18.9625,40.260000000000005
2026-05-05 14:00:00,S014,Facility 14,6,0,23.616666666666664,60.46
2026-05-05 15:00:00,S001,Facility 1,10,3,21.81,57.55
2026-05-05 15:00:00,S002,Facility 2,8,3,21.5875,53.125
2026-05-05 15:00:00,S003,Facility 3,5,0,24.259999999999998,53.52
2026-05-05 15:00:00,S004,Facility 4,7,0,18.471428571428568,67.31666666666666
2026-05-05 15:00:00,S005,Facility 5,3,0,22.566666666666666,97.7
2026-05-05 15:00:00,S006,Facility 6,3,0,22.03333333333333,66.76666666666667
2026-05-05 15:00:00,S007,Facility 7,3,1,23.866666666666664,42.05
2026-05-05 15:00:00,S008,Facility 8,7,0,22.842857142857145,58.160000000000004
2026-05-05 15:00:00,S009,Facility 9,8,2,22.375,56.4125
2026-05-05 15:00:00,S010,Facility 10,17,3,22.605882352941176,54.88666666666666
2026-05-05 15:00:00,S011,Facility 11,6,0,21.133333333333333,51.06666666666666
2026-05-05 15:00:00,S012,Facility 12,6,0,22.683333333333334,70.16
2026-05-05 15:00:00,S013,Facility 13,10,1,17.75,52.72222222222222
2026-05-05 15:00:00,S014,Facility 14,3,1,17.7,65.86666666666666
2026-05-05 16:00:00,S001,Facility 1,10,0,19.14,46.459999999999994
2026-05-05 16:00:00,S002,Facility 2,6,0,25.116666666666664,57.0
2026-05-05 16:00:00,S003,Facility 3,9,0,23.477777777777778,54.55714285714286
2026-05-05 16:00:00,S004,Facility 4,5,1,21.24,52.56
2026-05-05 16:00:00,S005,Facility 5,2,0,18.5,51.55
2026-05-05 16:00:00,S006,Facility 6,6,1,18.85,64.93333333333334
2026-05-05 16:00:00,S007,Facility 7,4,1,21.375,47.675000000000004
2026-05-05 16:00:00,S008,Facility 8,5,0,19.8,71.14
2026-05-05 16:00:00,S009,Facility 9,6,1,17.8,86.5
2026-05-05 16:00:00,S010,Facility 10,13,0,21.976923076923075,51.66923076923077
2026-05-05 16:00:00,S011,Facility 11,9,2,19.62222222222222,52.56666666666667
2026-05-05 16:00:00,S012,Facility 12,9,0,21.788888888888888,55.1125
2026-05-05 16:00:00,S013,Facility 13,6,0,22.55,61.28333333333333
2026-05-05 16:00:00,S014,Facility 14,8,2,21.400000000000002,46.42857142857143
2026-05-05 17:00:00,S001,Facility 1,7,0,21.585714285714285,46.120000000000005
2026-05-05 17:00:00,S002,Facility 2,5,0,25.619999999999997,69.375
2026-05-05 17:00:00,S003,Facility 3,8,0,20.6625,40.92857142857143
2026-05-05 17:00:00,S004,Facility 4,2,0,24.65,63.45
2026-05-05 17:00:00,S005,Facility 5,3,1,19.933333333333334,38.699999999999996
2026-05-05 17:00:00,S006,Facility 6,7,1,22.62857142857143,45.142857142857146
2026-05-05 17:00:00,S007,Facility 7,5,1,23.759999999999998,31.639999999999997
2026-05-05 17:00:00,S008,Facility 8,6,2,23.650000000000002,49.4
2026-05-05 17:00:00,S009,Facility 9,5,0,21.4,46.92
2026-05-05 17:00:00,S010,Facility 10,11,4,21.227272727272727,67.5
2026-05-05 17:00:00,S011,Facility 11,1,1,27.0,11.3
2026-05-05 17:00:00,S012,Facility 12,10,3,20.28,46.98
2026-05-05 17:00:00,S013,Facility 13,8,2,23.4375,35.875
2026-05-05 17:00:00,S014,Facility 14,4,0,17.9,75.89999999999999
2026-05-05 18:00:00,S001,Facility 1,8,1,22.3625,41.375
2026-05-05 18:00:00,S002,Facility 2,5,0,20.64,43.36
2026-05-05 18:00:00,S003,Facility 3,17,1,21.758823529411764,48.641176470588235
2026-05-05 18:00:00,S004,Facility 4,1,0,26.9,44.9
2026-05-05 18:00:00,S005,Facility 5,4,2,17.9,58.4
2026-05-05 18:00:00,S006,Facility 6,5,0,19.64,62.63333333333333
2026-05-05 18:00:00,S007,Facility 7,5,0,23.16,41.58
2026-05-05 18:00:00,S008,Facility 8,6,0,21.8,19.966666666666665
2026-05-05 18:00:00,S009,Facility 9,6,0,19.599999999999998,63.3
2026-05-05 18:00:00,S010,Facility 10,12,1,23.325,53.50909090909091
2026-05-05 18:00:00,S011,Facility 11,7,2,23.842857142857145,69.7
2026-05-05 18:00:00,S012,Facility 12,3,1,19.099999999999998,45.13333333333333
2026-05-05 18:00:00,S013,Facility 13,11,2,22.845454545454547,49.24444444444444
2026-05-05 18:00:00,S014,Facility 14,5,0,22.82,57.050000000000004
2026-05-05 19:00:00,S001,Facility 1,13,2,22.63076923076923,32.22
2026-05-05 19:00:00,S002,Facility 2,2,0,21.950000000000003,25.200000000000003
2026-05-05 19:00:00,S003,Facility 3,7,0,17.8,48.083333333333336
2026-05-05 19:00:00,S004,Facility 4,2,1,20.3,50.1
2026-05-05 19:00:00,S005,Facility 5,2,0,23.1,53.8
2026-05-05 19:00:00,S006,Facility 6,4,0,16.674999999999997,61.9
2026-05-05 19:00:00,S008,Facility 8,8,3,22.475,47.028571428571425
2026-05-05 19:00:00,S009,Facility 9,10,0,21.880000000000003,70.22222222222223
2026-05-05 19:00:00,S010,Facility 10,10,0,23.68,50.78
2026-05-05 19:00:00,S011,Facility 11,3,1,19.566666666666666,57.333333333333336
2026-05-05 19:00:00,S012,Facility 12,11,2,18.490909090909092,53.5
2026-05-05 19:00:00,S013,Facility 13,8,2,20.825,51.525
2026-05-05 19:00:00,S014,Facility 14,7,0,23.099999999999998,55.85
2026-05-05 20:00:00,S001,Facility 1,10,0,24.669999999999998,55.17777777777778
2026-05-05 20:00:00,S002,Facility 2,5,1,19.86,66.4
2026-05-05 20:00:00,S003,Facility 3,8,0,21.7125,25.0125
2026-05-05 20:00:00,S004,Facility 4,5,2,23.66,27.740000000000002
2026-05-05 20:00:00,S005,Facility 5,5,1,19.4,58.325
2026-05-05 20:00:00,S006,Facility 6,4,0,20.65,54.8
2026-05-05 20:00:00,S007,Facility 7,3,0,20.066666666666666,26.0
2026-05-05 20:00:00,S008,Facility 8,7,0,22.82857142857143,57.65
2026-05-05 20:00:00,S009,Facility 9,11,0,21.29090909090909,53.690909090909095
2026-05-05 20:00:00,S010,Facility 10,8,1,22.475,58.2875
2026-05-05 20:00:00,S011,Facility 11,10,2,20.5,48.644444444444446
2026-05-05 20:00:00,S012,Facility 12,9,1,20.033333333333335,40.5
2026-05-05 20:00:00,S013,Facility 13,5,1,17.6,32.86
2026-05-05 20:00:00,S014,Facility 14,7,1,17.014285714285712,37.228571428571435
2026-05-05 21:00:00,S001,Facility 1,10,0,21.32,35.15
2026-05-05 21:00:00,S002,Facility 2,4,1,18.825,90.9
2026-05-05 21:00:00,S003,Facility 3,7,0,20.942857142857143,36.42857142857143
2026-05-05 21:00:00,S004,Facility 4,5,0,22.48,73.65
2026-05-05 21:00:00,S005,Facility 5,3,0,23.233333333333334,58.949999999999996
2026-05-05 21:00:00,S006,Facility 6,3,1,19.966666666666665,67.85
2026-05-05 21:00:00,S007,Facility 7,8,3,17.6625,61.05714285714286
2026-05-05 21:00:00,S008,Facility 8,2,0,20.95,82.05000000000001
2026-05-05 21:00:00,S009,Facility 9,8,1,24.8875,60.03333333333333
2026-05-05 21:00:00,S010,Facility 10,5,1,21.94,80.22
2026-05-05 21:00:00,S011,Facility 11,11,1,21.11818181818182,52.58
2026-05-05 21:00:00,S012,Facility 12,8,2,20.75,55.875
2026-05-05 21:00:00,S013,Facility 13,7,0,23.400000000000002,48.01428571428572
2026-05-05 21:00:00,S014,Facility 14,4,1,19.175,26.8
2026-05-05 22:00:00,S001,Facility 1,9,0,19.977777777777778,44.5
2026-05-05 22:00:00,S002,Facility 2,2,0,17.6,16.55
2026-05-05 22:00:00,S003,Facility 3,9,0,19.666666666666668,42.475
2026-05-05 22:00:00,S004,Facility 4,5,0,19.240000000000002,40.040000000000006
2026-05-05 22:00:00,S005,Facility 5,2,0,16.3,51.95
2026-05-05 22:00:00,S006,Facility 6,7,1,19.885714285714283,50.01428571428572
2026-05-05 22:00:00,S007,Facility 7,2,0,22.45,22.65
2026-05-05 22:00:00,S008,Facility 8,7,0,21.599999999999998,23.114285714285717
2026-05-05 22:00:00,S009,Facility 9,12,1,22.483333333333334,39.4
2026-05-05 22:00:00,S010,Facility 10,6,2,22.683333333333334,34.199999999999996
2026-05-05 22:00:00,S011,Facility 11,6,0,23.733333333333334,60.28333333333333
2026-05-05 22:00:00,S012,Facility 12,9,0,21.233333333333334,59.53333333333333
2026-05-05 22:00:00,S013,Facility 13,5,0,17.5,69.44
2026-05-05 22:00:00,S014,Facility 14,3,1,18.266666666666666,35.93333333333333
2026-05-05 23:00:00,S001,Facility 1,8,1,19.15,35.1875
2026-05-05 23:00:00,S002,Facility 2,3,2,16.733333333333334,36.333333333333336
2026-05-05 23:00:00,S003,Facility 3,10,4,22.23,38.044444444444444
2026-05-05 23:00:00,S004,Facility 4,3,0,19.166666666666668,32.4
2026-05-05 23:00:00,S005,Facility 5,6,1,23.099999999999998,45.54
2026-05-05 23:00:00,S006,Facility 6,5,2,18.3,73.26
2026-05-05 23:00:00,S007,Facility 7,4,0,24.1,31.75
2026-05-05 23:00:00,S008,Facility 8,6,2,22.983333333333334,33.949999999999996
2026-05-05 23:00:00,S009,Facility 9,6,1,18.483333333333334,62.583333333333336
2026-05-05 23:00:00,S010,Facility 10,6,1,23.8,66.48
2026-05-05 23:00:00,S011,Facility 11,10,2,23.7,60.35
2026-05-05 23:00:00,S012,Facility 12,11,0,22.709090909090907,52.54
2026-05-05 23:00:00,S013,Facility 13,7,1,20.414285714285715,48.17142857142857
2026-05-05 23:00:00,S014,Facility 14,6,1,23.7,53.866666666666674
2026-05-06 00:00:00,S001,Facility 1,7,0,18.5,34.128571428571426
2026-05-06 00:00:00,S002,Facility 2,7,1,20.428571428571427,47.957142857142856
2026-05-06 00:00:00,S003,Facility 3,7,1,21.685714285714287,38.516666666666666
2026-05-06 00:00:00,S004,Facility 4,6,1,17.066666666666666,40.61666666666667
2026-05-06 00:00:00,S005,Facility 5,6,0,17.8,56.98
2026-05-06 00:00:00,S006,Facility 6,8,1,20.375,56.957142857142856
2026-05-06 00:00:00,S007,Facility 7,6,1,19.05,39.6
2026-05-06 00:00:00,S008,Facility 8,6,1,17.53333333333333,75.51666666666667
2026-05-06 00:00:00,S009,Facility 9,7,0,23.82857142857143,12.72
2026-05-06 00:00:00,S010,Facility 10,6,3,18.599999999999998,74.63333333333334
2026-05-06 00:00:00,S011,Facility 11,6,0,21.816666666666666,67.7
2026-05-06 00:00:00,S012,Facility 12,8,1,21.8625,61.057142857142864
2026-05-06 00:00:00,S013,Facility 13,4,1,25.6,58.45
2026-05-06 00:00:00,S014,Facility 14,3,1,21.5,16.066666666666666
2026-05-06 01:00:00,S001,Facility 1,14,2,24.928571428571427,52.85454545454545
2026-05-06 01:00:00,S002,Facility 2,2,0,22.5,25.4
2026-05-06 01:00:00,S003,Facility 3,10,1,22.6,21.93
2026-05-06 01:00:00,S004,Facility 4,5,0,20.72,50.94
2026-05-06 01:00:00,S005,Facility 5,2,0,22.450000000000003,96.7
2026-05-06 01:00:00,S006,Facility 6,3,0,15.233333333333334,48.199999999999996
2026-05-06 01:00:00,S007,Facility 7,3,0,22.433333333333334,63.76666666666667
2026-05-06 01:00:00,S008,Facility 8,4,0,22.0,33.266666666666666
2026-05-06 01:00:00,S009,Facility 9,8,0,20.4125,31.4375
2026-05-06 01:00:00,S010,Facility 10,11,0,21.62727272727273,38.95454545454545
2026-05-06 01:00:00,S011,Facility 11,10,2,22.89,32.84444444444445
2026-05-06 01:00:00,S012,Facility 12,6,1,21.266666666666666,71.45
2026-05-06 01:00:00,S013,Facility 13,6,3,19.033333333333335,51.35
2026-05-06 01:00:00,S014,Facility 14,9,1,23.133333333333333,52.57777777777778
2026-05-06 02:00:00,S001,Facility 1,11,2,21.990909090909092,46.06363636363636
2026-05-06 02:00:00,S002,Facility 2,3,1,16.166666666666668,54.43333333333334
2026-05-06 02:00:00,S003,Facility 3,9,1,16.733333333333334,62.56666666666667
2026-05-06 02:00:00,S004,Facility 4,7,0,22.142857142857142,61.474999999999994
2026-05-06 02:00:00,S005,Facility 5,1,0,24.5,79.8
2026-05-06 02:00:00,S006,Facility 6,3,1,21.400000000000002,61.800000000000004
2026-05-06 02:00:00,S007,Facility 7,4,1,18.125,81.6
2026-05-06 02:00:00,S008,Facility 8,3,0,28.566666666666666,69.73333333333333
2026-05-06 02:00:00,S009,Facility 9,5,0,20.86,39.1
2026-05-06 02:00:00,S010,Facility 10,8,0,20.525,61.112500000000004
2026-05-06 02:00:00,S011,Facility 11,6,1,20.633333333333333,33.733333333333334
2026-05-06 02:00:00,S012,Facility 12,11,1,19.663636363636364,49.790909090909096
2026-05-06 02:00:00,S013,Facility 13,9,0,20.866666666666667,66.58888888888889
2026-05-06 02:00:00,S014,Facility 14,8,4,22.675,56.2375
2026-05-06 03:00:00,S001,Facility 1,12,0,20.474999999999998,48.525000000000006
2026-05-06 03:00:00,S002,Facility 2,7,0,19.3,64.04285714285714
2026-05-06 03:00:00,S003,Facility 3,9,2,21.833333333333332,43.17142857142857
2026-05-06 03:00:00,S004,Facility 4,4,0,18.75,53.475
2026-05-06 03:00:00,S005,Facility 5,2,0,18.25,32.699999999999996
2026-05-06 03:00:00,S006,Facility 6,2,0,25.65,29.299999999999997
2026-05-06 03:00:00,S007,Facility 7,12,1,23.28333333333333,45.79090909090909
2026-05-06 03:00:00,S008,Facility 8,5,0,23.32,41.18
2026-05-06 03:00:00,S009,Facility 9,8,2,20.525,47.08571428571429
2026-05-06 03:00:00,S010,Facility 10,5,0,18.759999999999998,62.56
2026-05-06 03:00:00,S011,Facility 11,6,0,21.133333333333333,63.583333333333336
2026-05-06 03:00:00,S012,Facility 12,7,0,23.785714285714285,68.97142857142858
2026-05-06 03:00:00,S013,Facility 13,11,0,18.900000000000002,41.0
2026-05-06 03:00:00,S014,Facility 14,7,0,22.585714285714285,39.128571428571426
2026-05-06 04:00:00,S001,Facility 1,10,2,18.29,49.611111111111114
2026-05-06 04:00:00,S002,Facility 2,2,0,20.65,59.45
2026-05-06 04:00:00,S003,Facility 3,8,0,21.474999999999998,37.5625
2026-05-06 04:00:00,S004,Facility 4,12,3,20.458333333333332,41.74545454545454
2026-05-06 04:00:00,S005,Facility 5,6,1,21.566666666666666,33.28333333333333
2026-05-06 04:00:00,S006,Facility 6,9,1,17.655555555555555,55.05
2026-05-06 04:00:00,S007,Facility 7,4,1,23.775,65.7
2026-05-06 04:00:00,S008,Facility 8,5,1,17.22,42.2
2026-05-06 04:00:00,S009,Facility 9,9,2,19.822222222222223,36.27142857142857
2026-05-06 04:00:00,S010,Facility 10,8,0,24.85,53.975
2026-05-06 04:00:00,S011,Facility 11,7,0,21.599999999999998,48.628571428571426
2026-05-06 04:00:00,S012,Facility 12,6,1,19.666666666666668,49.949999999999996
2026-05-06 04:00:00,S013,Facility 13,8,0,19.5375,66.05
2026-05-06 04:00:00,S014,Facility 14,8,2,20.9875,55.728571428571435
2026-05-06 05:00:00,S001,Facility 1,13,2,18.66923076923077,48.400000000000006
2026-05-06 05:00:00,S002,Facility 2,5,0,19.9,43.88
2026-05-06 05:00:00,S003,Facility 3,7,0,20.12857142857143,48.800000000000004
2026-05-06 05:00:00,S004,Facility 4,5,0,21.580000000000002,64.14
2026-05-06 05:00:00,S005,Facility 5,9,0,24.755555555555556,82.67142857142858
2026-05-06 05:00:00,S006,Facility 6,5,0,20.72,51.7
2026-05-06 05:00:00,S007,Facility 7,7,0,18.071428571428573,49.91428571428571
2026-05-06 05:00:00,S008,Facility 8,4,0,18.25,50.55
2026-05-06 05:00:00,S009,Facility 9,11,1,20.21818181818182,32.83
2026-05-06 05:00:00,S010,Facility 10,9,1,23.922222222222224,53.44444444444444
2026-05-06 05:00:00,S011,Facility 11,6,0,27.400000000000002,42.7
2026-05-06 05:00:00,S012,Facility 12,4,1,19.1,43.525000000000006
2026-05-06 05:00:00,S013,Facility 13,11,2,19.027272727272727,44.06
2026-05-06 05:00:00,S014,Facility 14,3,0,18.466666666666665,64.73333333333333
2026-05-06 06:00:00,S001,Facility 1,8,0,18.2,47.31428571428571
2026-05-06 06:00:00,S002,Facility 2,4,0,26.275,50.1
2026-05-06 06:00:00,S003,Facility 3,7,0,23.75714285714286,45.28333333333333
2026-05-06 06:00:00,S004,Facility 4,7,2,22.057142857142857,17.67142857142857
2026-05-06 06:00:00,S005,Facility 5,1,0,16.3,10.2
2026-05-06 06:00:00,S006,Facility 6,6,0,19.883333333333336,53.46666666666667
2026-05-06 06:00:00,S007,Facility 7,5,1,19.28,65.82000000000001
2026-05-06 06:00:00,S008,Facility 8,3,0,23.333333333333332,28.833333333333332
2026-05-06 06:00:00,S009,Facility 9,12,0,22.2,57.025000000000006
2026-05-06 06:00:00,S010,Facility 10,12,1,21.166666666666668,58.68333333333333
2026-05-06 06:00:00,S011,Facility 11,9,1,22.211111111111112,78.2
2026-05-06 06:00:00,S012,Facility 12,7,0,18.599999999999998,45.12
2026-05-06 06:00:00,S013,Facility 13,7,1,17.25714285714286,70.08
2026-05-06 06:00:00,S014,Facility 14,8,1,23.0,55.3125
2026-05-06 07:00:00,S001,Facility 1,10,2,19.82,39.96
2026-05-06 07:00:00,S002,Facility 2,3,1,17.566666666666666,39.03333333333334
2026-05-06 07:00:00,S003,Facility 3,7,1,20.942857142857143,67.5
2026-05-06 07:00:00,S004,Facility 4,4,0,18.275,73.725
2026-05-06 07:00:00,S005,Facility 5,3,0,25.2,29.366666666666664
2026-05-06 07:00:00,S006,Facility 6,3,1,19.666666666666668,56.4
2026-05-06 07:00:00,S007,Facility 7,6,0,19.433333333333334,71.52000000000001
2026-05-06 07:00:00,S008,Facility 8,7,1,24.728571428571428,58.55714285714286
2026-05-06 07:00:00,S009,Facility 9,13,1,21.66923076923077,46.53846153846154
2026-05-06 07:00:00,S010,Facility 10,4,0,20.35,47.5
2026-05-06 07:00:00,S011,Facility 11,6,1,25.633333333333336,33.92
2026-05-06 07:00:00,S012,Facility 12,9,1,20.41111111111111,56.266666666666666
2026-05-06 07:00:00,S013,Facility 13,6,1,22.083333333333332,63.6
2026-05-06 07:00:00,S014,Facility 14,5,1,24.72,39.4
2026-05-06 08:00:00,S001,Facility 1,7,1,20.585714285714285,28.657142857142855
2026-05-06 08:00:00,S002,Facility 2,3,0,21.46666666666667,66.33333333333333
2026-05-06 08:00:00,S003,Facility 3,9,1,21.8,49.125
2026-05-06 08:00:00,S004,Facility 4,9,1,22.155555555555555,58.67777777777778
2026-05-06 08:00:00,S005,Facility 5,3,1,20.266666666666666,49.06666666666667
2026-05-06 08:00:00,S006,Facility 6,4,1,20.625,56.474999999999994
2026-05-06 08:00:00,S007,Facility 7,5,2,20.86,61.760000000000005
2026-05-06 08:00:00,S008,Facility 8,5,2,23.240000000000002,35.02
2026-05-06 08:00:00,S009,Facility 9,6,1,19.3,69.5
2026-05-06 08:00:00,S010,Facility 10,12,3,18.991666666666667,60.22727272727273
2026-05-06 08:00:00,S011,Facility 11,12,2,21.666666666666668,52.8
2026-05-06 08:00:00,S012,Facility 12,11,0,22.036363636363635,51.654545454545456
2026-05-06 08:00:00,S013,Facility 13,3,0,22.166666666666668,42.233333333333334
2026-05-06 08:00:00,S014,Facility 14,7,1,19.87142857142857,43.82857142857143
2026-05-06 09:00:00,S001,Facility 1,13,1,20.1,56.75
2026-05-06 09:00:00,S002,Facility 2,4,1,26.15,60.25
2026-05-06 09:00:00,S003,Facility 3,9,3,19.422222222222224,47.3125
2026-05-06 09:00:00,S004,Facility 4,4,0,22.4,48.150000000000006
2026-05-06 09:00:00,S005,Facility 5,5,0,21.3,76.56
2026-05-06 09:00:00,S006,Facility 6,6,0,20.099999999999998,41.800000000000004
2026-05-06 09:00:00,S007,Facility 7,4,0,21.950000000000003,49.85
2026-05-06 09:00:00,S008,Facility 8,4,0,20.975,47.175
2026-05-06 09:00:00,S009,Facility 9,19,1,20.98421052631579,56.855555555555554
2026-05-06 09:00:00,S010,Facility 10,7,2,20.714285714285715,48.25714285714286
2026-05-06 09:00:00,S011,Facility 11,9,1,20.87777777777778,55.725
2026-05-06 09:00:00,S012,Facility 12,8,4,20.2125,51.6375
2026-05-06 09:00:00,S013,Facility 13,9,3,17.72222222222222,45.3125
2026-05-06 09:00:00,S014,Facility 14,4,0,21.725,27.7
2026-05-06 10:00:00,S001,Facility 1,7,1,19.928571428571427,32.42857142857143
2026-05-06 10:00:00,S002,Facility 2,2,1,19.8,52.7
2026-05-06 10:00:00,S003,Facility 3,5,0,22.28,51.67999999999999
2026-05-06 10:00:00,S004,Facility 4,4,0,22.125,61.45
2026-05-06 10:00:00,S005,Facility 5,5,0,22.26,31.160000000000004
2026-05-06 10:00:00,S006,Facility 6,5,1,24.46,77.46000000000001
2026-05-06 10:00:00,S007,Facility 7,9,1,24.811111111111114,27.625
2026-05-06 10:00:00,S008,Facility 8,4,0,22.825,49.974999999999994
2026-05-06 10:00:00,S009,Facility 9,12,1,18.291666666666668,54.666666666666664
2026-05-06 10:00:00,S010,Facility 10,9,1,24.822222222222223,37.9
2026-05-06 10:00:00,S011,Facility 11,5,0,15.5,47.5
2026-05-06 10:00:00,S012,Facility 12,9,1,21.1,43.67777777777778
2026-05-06 10:00:00,S013,Facility 13,6,2,17.633333333333333,46.06666666666666
2026-05-06 10:00:00,S014,Facility 14,7,0,18.842857142857145,47.1
2026-05-06 11:00:00,S001,Facility 1,6,0,18.55,44.12
2026-05-06 11:00:00,S002,Facility 2,4,2,25.75,39.775
2026-05-06 11:00:00,S003,Facility 3,8,1,19.1,54.714285714285715
2026-05-06 11:00:00,S004,Facility 4,5,0,21.78,39.28
2026-05-06 11:00:00,S005,Facility 5,6,2,24.2,42.76666666666667
2026-05-06 11:00:00,S006,Facility 6,2,0,17.8,34.9
2026-05-06 11:00:00,S007,Facility 7,10,2,22.28,45.55555555555556
2026-05-06 11:00:00,S008,Facility 8,4,0,19.625,34.666666666666664
2026-05-06 11:00:00,S009,Facility 9,5,2,19.4,32.13333333333333
2026-05-06 11:00:00,S010,Facility 10,5,2,19.2,69.75
2026-05-06 11:00:00,S011,Facility 11,6,1,21.216666666666665,30.850000000000005
2026-05-06 11:00:00,S012,Facility 12,1,1,13.0,23.8
2026-05-06 11:00:00,S013,Facility 13,4,0,20.3,27.95
2026-05-06 11:00:00,S014,Facility 14,7,0,20.557142857142857,44.028571428571425
2026-05-06 12:00:00,S001,Facility 1,10,0,19.95,42.355555555555554
2026-05-06 12:00:00,S002,Facility 2,6,0,22.116666666666664,48.51666666666667
2026-05-06 12:00:00,S003,Facility 3,9,0,23.87777777777778,50.8125
2026-05-06 12:00:00,S004,Facility 4,8,0,23.0875,43.075
2026-05-06 12:00:00,S005,Facility 5,3,0,17.8,67.2
2026-05-06 12:00:00,S006,Facility 6,7,1,20.62857142857143,54.471428571428575
2026-05-06 12:00:00,S007,Facility 7,4,0,20.65,32.875
2026-05-06 12:00:00,S008,Facility 8,6,0,20.650000000000002,54.225
2026-05-06 12:00:00,S009,Facility 9,7,0,23.67142857142857,47.871428571428574
2026-05-06 12:00:00,S010,Facility 10,7,1,19.82857142857143,25.785714285714285
2026-05-06 12:00:00,S011,Facility 11,5,2,19.2,57.260000000000005
2026-05-06 12:00:00,S012,Facility 12,9,2,23.344444444444445,38.08571428571429
2026-05-06 12:00:00,S013,Facility 13,6,0,20.583333333333332,33.5
2026-05-06 12:00:00,S014,Facility 14,4,1,24.45,67.475
2026-05-06 13:00:00,S001,Facility 1,10,2,21.44,55.922222222222224
2026-05-06 13:00:00,S002,Facility 2,2,0,20.9,70.65
2026-05-06 13:00:00,S003,Facility 3,11,0,20.3,47.81818181818182
2026-05-06 13:00:00,S004,Facility 4,7,1,20.485714285714288,40.36666666666667
2026-05-06 13:00:00,S005,Facility 5,3,0,22.3,54.666666666666664
2026-05-06 13:00:00,S006,Facility 6,6,0,19.099999999999998,53.93333333333334
2026-05-06 13:00:00,S007,Facility 7,4,0,24.9,43.199999999999996
2026-05-06 13:00:00,S008,Facility 8,5,1,23.36,43.4
2026-05-06 13:00:00,S009,Facility 9,9,0,20.522222222222222,65.0625
2026-05-06 13:00:00,S010,Facility 10,8,0,22.45,76.31428571428572
2026-05-06 13:00:00,S011,Facility 11,8,1,18.837500000000002,66.1
2026-05-06 13:00:00,S012,Facility 12,4,0,20.375,52.7
2026-05-06 13:00:00,S013,Facility 13,8,1,18.1625,48.41428571428571
2026-05-06 13:00:00,S014,Facility 14,6,3,18.150000000000002,56.18333333333334
2026-05-06 14:00:00,S001,Facility 1,11,2,20.599999999999998,33.59090909090909
2026-05-06 14:00:00,S002,Facility 2,3,0,17.333333333333332,23.4
2026-05-06 14:00:00,S003,Facility 3,8,1,22.5875,44.5625
2026-05-06 14:00:00,S004,Facility 4,9,1,21.51111111111111,53.637499999999996
2026-05-06 14:00:00,S005,Facility 5,1,0,12.4,36.7
2026-05-06 14:00:00,S006,Facility 6,7,0,20.82857142857143,41.228571428571435
2026-05-06 14:00:00,S007,Facility 7,4,0,19.7,76.66666666666667
2026-05-06 14:00:00,S008,Facility 8,7,0,20.82857142857143,51.785714285714285
2026-05-06 14:00:00,S009,Facility 9,7,1,21.585714285714285,70.05714285714285
2026-05-06 14:00:00,S010,Facility 10,5,0,18.6,51.339999999999996
2026-05-06 14:00:00,S011,Facility 11,5,0,23.6,42.05
2026-05-06 14:00:00,S012,Facility 12,5,1,21.04,81.9
2026-05-06 14:00:00,S013,Facility 13,3,1,16.733333333333334,44.36666666666667
2026-05-06 14:00:00,S014,Facility 14,12,0,19.508333333333333,48.5
2026-05-06 15:00:00,S001,Facility 1,9,2,18.922222222222224,51.971428571428575
2026-05-06 15:00:00,S002,Facility 2,4,0,24.375,60.675
2026-05-06 15:00:00,S003,Facility 3,6,1,20.433333333333334,41.62
2026-05-06 15:00:00,S004,Facility 4,11,1,20.71818181818182,42.8
2026-05-06 15:00:00,S005,Facility 5,6,2,19.7,53.2
2026-05-06 15:00:00,S006,Facility 6,7,2,19.214285714285715,59.883333333333326
2026-05-06 15:00:00,S007,Facility 7,4,1,20.225,44.675000000000004
2026-05-06 15:00:00,S008,Facility 8,4,0,19.275,68.85000000000001
2026-05-06 15:00:00,S009,Facility 9,12,1,22.875,53.38181818181818
2026-05-06 15:00:00,S010,Facility 10,9,0,21.455555555555556,42.922222222222224
2026-05-06 15:00:00,S011,Facility 11,6,2,16.233333333333334,68.72
2026-05-06 15:00:00,S012,Facility 12,7,0,21.185714285714287,57.800000000000004
2026-05-06 15:00:00,S013,Facility 13,6,1,17.650000000000002,50.583333333333336
2026-05-06 15:00:00,S014,Facility 14,6,0,16.933333333333334,39.05
2026-05-06 16:00:00,S001,Facility 1,7,1,18.87142857142857,54.279999999999994
2026-05-06 16:00:00,S002,Facility 2,3,2,20.433333333333334,29.233333333333334
2026-05-06 16:00:00,S003,Facility 3,10,1,19.8,48.47777777777778
2026-05-06 16:00:00,S004,Facility 4,6,0,18.733333333333334,53.0
2026-05-06 16:00:00,S005,Facility 5,3,2,23.833333333333332,54.4
2026-05-06 16:00:00,S006,Facility 6,7,1,21.2,42.07142857142857
2026-05-06 16:00:00,S007,Facility 7,3,1,19.066666666666666,66.2
2026-05-06 16:00:00,S008,Facility 8,5,0,19.66,39.5
2026-05-06 16:00:00,S009,Facility 9,9,1,22.833333333333332,41.25555555555556
2026-05-06 16:00:00,S010,Facility 10,6,0,21.833333333333332,58.06666666666666
2026-05-06 16:00:00,S011,Facility 11,7,1,24.442857142857143,43.28
2026-05-06 16:00:00,S012,Facility 12,10,0,18.259999999999998,53.355555555555554
2026-05-06 16:00:00,S013,Facility 13,7,0,22.285714285714285,52.800000000000004
2026-05-06 16:00:00,S014,Facility 14,6,1,18.433333333333334,37.63333333333333
2026-05-06 17:00:00,S001,Facility 1,9,1,19.455555555555556,55.22222222222222
2026-05-06 17:00:00,S002,Facility 2,7,1,24.12857142857143,27.53333333333333
2026-05-06 17:00:00,S003,Facility 3,8,5,22.175,53.333333333333336
2026-05-06 17:00:00,S004,Facility 4,6,1,18.833333333333332,62.25
2026-05-06 17:00:00,S005,Facility 5,3,0,17.3,44.63333333333333
2026-05-06 17:00:00,S006,Facility 6,2,0,21.85,73.8
2026-05-06 17:00:00,S007,Facility 7,4,2,20.5,55.15
2026-05-06 17:00:00,S008,Facility 8,3,0,17.166666666666668,40.7
2026-05-06 17:00:00,S009,Facility 9,10,1,22.880000000000003,54.9
2026-05-06 17:00:00,S010,Facility 10,5,0,16.56,65.64
2026-05-06 17:00:00,S011,Facility 11,10,2,21.259999999999998,72.44444444444444
2026-05-06 17:00:00,S012,Facility 12,8,2,22.775,56.9625
2026-05-06 17:00:00,S013,Facility 13,4,0,19.425,38.75
2026-05-06 17:00:00,S014,Facility 14,8,1,20.2625,52.95
2026-05-06 18:00:00,S001,Facility 1,11,1,21.69090909090909,71.60909090909091
2026-05-06 18:00:00,S002,Facility 2,4,1,22.6,36.099999999999994
2026-05-06 18:00:00,S003,Facility 3,14,2,22.62142857142857,29.61428571428571
2026-05-06 18:00:00,S004,Facility 4,5,0,20.66,67.32000000000001
2026-05-06 18:00:00,S005,Facility 5,4,0,27.5,30.525
2026-05-06 18:00:00,S006,Facility 6,4,0,19.45,38.25
2026-05-06 18:00:00,S007,Facility 7,7,0,24.75714285714286,62.666666666666664
2026-05-06 18:00:00,S008,Facility 8,2,1,15.45,0.4
2026-05-06 18:00:00,S009,Facility 9,10,3,23.32,46.9
2026-05-06 18:00:00,S010,Facility 10,10,0,22.93,44.839999999999996
2026-05-06 18:00:00,S011,Facility 11,9,1,22.744444444444444,37.25714285714286
2026-05-06 18:00:00,S012,Facility 12,8,0,20.95,45.62
2026-05-06 18:00:00,S013,Facility 13,5,0,22.36,28.72
2026-05-06 18:00:00,S014,Facility 14,7,0,19.2,61.08571428571429
2026-05-06 19:00:00,S001,Facility 1,14,2,17.45714285714286,55.892857142857146
2026-05-06 19:00:00,S002,Facility 2,10,2,21.86,47.91
2026-05-06 19:00:00,S003,Facility 3,3,0,15.6,26.0
2026-05-06 19:00:00,S004,Facility 4,4,1,18.275,55.825
2026-05-06 19:00:00,S005,Facility 5,5,1,22.759999999999998,66.03999999999999
2026-05-06 19:00:00,S006,Facility 6,6,1,22.083333333333332,45.76666666666667
2026-05-06 19:00:00,S007,Facility 7,6,1,18.983333333333334,44.56666666666666
2026-05-06 19:00:00,S008,Facility 8,4,1,23.525,83.75
2026-05-06 19:00:00,S009,Facility 9,3,0,19.233333333333334,41.63333333333333
2026-05-06 19:00:00,S010,Facility 10,5,1,22.54,70.775
2026-05-06 19:00:00,S011,Facility 11,3,2,23.066666666666666,40.36666666666667
2026-05-06 19:00:00,S012,Facility 12,4,1,23.125,59.25
2026-05-06 19:00:00,S013,Facility 13,5,1,21.68,45.760000000000005
2026-05-06 19:00:00,S014,Facility 14,5,1,25.619999999999997,52.36
2026-05-06 20:00:00,S001,Facility 1,11,0,21.8,42.13333333333333
2026-05-06 20:00:00,S002,Facility 2,1,0,16.3,37.0
2026-05-06 20:00:00,S003,Facility 3,13,3,23.384615384615383,55.275
2026-05-06 20:00:00,S004,Facility 4,8,0,22.025,56.08571428571428
2026-05-06 20:00:00,S005,Facility 5,5,0,19.96,50.2
2026-05-06 20:00:00,S006,Facility 6,3,0,20.96666666666667,10.5
2026-05-06 20:00:00,S007,Facility 7,3,1,19.733333333333334,22.233333333333334
2026-05-06 20:00:00,S008,Facility 8,6,0,20.900000000000002,54.56666666666666
2026-05-06 20:00:00,S009,Facility 9,10,1,21.5,60.870000000000005
2026-05-06 20:00:00,S010,Facility 10,10,2,22.57,42.97
2026-05-06 20:00:00,S011,Facility 11,8,0,25.5625,40.55
2026-05-06 20:00:00,S012,Facility 12,4,0,19.1,48.75
2026-05-06 20:00:00,S013,Facility 13,5,3,20.06,33.3
2026-05-06 20:00:00,S014,Facility 14,5,0,21.4,50.9
2026-05-06 21:00:00,S001,Facility 1,9,0,17.844444444444445,56.7
2026-05-06 21:00:00,S002,Facility 2,5,1,23.44,61.775000000000006
2026-05-06 21:00:00,S003,Facility 3,10,2,20.0,44.64
2026-05-06 21:00:00,S004,Facility 4,6,0,21.216666666666665,45.53333333333333
2026-05-06 21:00:00,S005,Facility 5,7,1,23.571428571428573,55.27142857142858
2026-05-06 21:00:00,S006,Facility 6,5,3,22.46,28.175
2026-05-06 21:00:00,S007,Facility 7,7,2,20.942857142857143,54.82857142857143
2026-05-06 21:00:00,S008,Facility 8,6,1,25.166666666666668,49.78333333333333
2026-05-06 21:00:00,S009,Facility 9,8,2,19.5125,69.2875
2026-05-06 21:00:00,S010,Facility 10,8,2,20.35,51.0
2026-05-06 21:00:00,S011,Facility 11,4,0,19.175,52.05
2026-05-06 21:00:00,S012,Facility 12,3,1,23.566666666666666,32.36666666666667
2026-05-06 21:00:00,S013,Facility 13,10,0,19.34,35.325
2026-05-06 21:00:00,S014,Facility 14,7,1,22.12857142857143,38.24285714285714
2026-05-06 22:00:00,S001,Facility 1,12,1,21.25,49.85
2026-05-06 22:00:00,S002,Facility 2,5,0,21.06,83.16
2026-05-06 22:00:00,S003,Facility 3,11,0,23.236363636363635,42.82
2026-05-06 22:00:00,S004,Facility 4,5,1,21.939999999999998,56.739999999999995
2026-05-06 22:00:00,S005,Facility 5,3,0,19.133333333333336,48.666666666666664
2026-05-06 22:00:00,S006,Facility 6,4,2,19.35,52.325
2026-05-06 22:00:00,S007,Facility 7,3,0,23.866666666666664,73.39999999999999
2026-05-06 22:00:00,S008,Facility 8,5,1,20.580000000000002,70.88
2026-05-06 22:00:00,S009,Facility 9,8,0,21.0625,33.4625
2026-05-06 22:00:00,S010,Facility 10,13,2,19.892307692307693,36.830769230769235
2026-05-06 22:00:00,S011,Facility 11,7,0,24.985714285714288,56.4
2026-05-06 22:00:00,S012,Facility 12,7,0,21.099999999999998,54.56666666666666
2026-05-06 22:00:00,S013,Facility 13,7,2,19.25714285714286,31.185714285714287
2026-05-06 22:00:00,S014,Facility 14,9,1,22.733333333333334,53.3
2026-05-06 23:00:00,S001,Facility 1,13,2,19.392307692307693,44.04545454545455
2026-05-06 23:00:00,S002,Facility 2,5,1,25.939999999999998,43.96
2026-05-06 23:00:00,S003,Facility 3,6,0,21.833333333333332,62.53333333333333
2026-05-06 23:00:00,S004,Facility 4,7,0,19.442857142857143,44.04
2026-05-06 23:00:00,S005,Facility 5,1,1,22.4,64.5
2026-05-06 23:00:00,S006,Facility 6,4,2,23.325,47.699999999999996
2026-05-06 23:00:00,S007,Facility 7,7,1,23.17142857142857,72.31428571428572
2026-05-06 23:00:00,S008,Facility 8,7,0,22.47142857142857,55.82857142857143
2026-05-06 23:00:00,S009,Facility 9,9,1,21.51111111111111,56.1
2026-05-06 23:00:00,S010,Facility 10,5,0,24.78,55.36
2026-05-06 23:00:00,S011,Facility 11,8,2,21.9875,51.5125
2026-05-06 23:00:00,S012,Facility 12,13,3,22.700000000000003,51.138461538461534
2026-05-06 23:00:00,S013,Facility 13,9,0,23.48888888888889,61.2375
2026-05-06 23:00:00,S014,Facility 14,4,0,25.375,51.8
2026-05-07 00:00:00,S001,Facility 1,10,0,19.59,34.89
2026-05-07 00:00:00,S003,Facility 3,8,1,22.7,40.975
2026-05-07 00:00:00,S004,Facility 4,8,1,21.6625,64.04285714285714
2026-05-07 00:00:00,S005,Facility 5,3,1,22.866666666666664,40.800000000000004
2026-05-07 00:00:00,S006,Facility 6,5,2,16.580000000000002,50.9
2026-05-07 00:00:00,S007,Facility 7,5,3,20.580000000000002,27.5
2026-05-07 00:00:00,S008,Facility 8,5,0,18.36,47.9
2026-05-07 00:00:00,S009,Facility 9,7,2,17.014285714285712,53.4
2026-05-07 00:00:00,S010,Facility 10,10,3,20.48,49.660000000000004
2026-05-07 00:00:00,S011,Facility 11,9,1,19.666666666666668,40.3875
2026-05-07 00:00:00,S012,Facility 12,11,2,20.12727272727273,63.44
2026-05-07 00:00:00,S013,Facility 13,10,2,20.31,45.475
2026-05-07 00:00:00,S014,Facility 14,4,1,15.85,73.15
2026-05-07 01:00:00,S001,Facility 1,8,0,21.275,21.016666666666666
2026-05-07 01:00:00,S002,Facility 2,6,0,20.766666666666666,54.28333333333333
2026-05-07 01:00:00,S003,Facility 3,10,0,22.830000000000002,62.800000000000004
2026-05-07 01:00:00,S004,Facility 4,2,0,21.9,84.0
2026-05-07 01:00:00,S005,Facility 5,5,0,23.44,42.08
2026-05-07 01:00:00,S006,Facility 6,6,2,18.5,47.21666666666667
2026-05-07 01:00:00,S007,Facility 7,7,0,18.17142857142857,45.74285714285715
2026-05-07 01:00:00,S008,Facility 8,8,2,21.3875,41.371428571428574
2026-05-07 01:00:00,S009,Facility 9,8,2,16.8375,52.7625
2026-05-07 01:00:00,S010,Facility 10,6,1,22.183333333333334,36.93333333333334
2026-05-07 01:00:00,S011,Facility 11,5,0,21.5,52.574999999999996
2026-05-07 01:00:00,S012,Facility 12,9,2,19.944444444444443,45.375
2026-05-07 01:00:00,S013,Facility 13,9,0,23.58888888888889,53.53333333333333
2026-05-07 01:00:00,S014,Facility 14,3,0,23.366666666666664,30.366666666666664
2026-05-07 02:00:00,S001,Facility 1,10,0,19.729999999999997,52.5
2026-05-07 02:00:00,S002,Facility 2,5,1,22.94,38.660000000000004
2026-05-07 02:00:00,S003,Facility 3,9,0,23.766666666666666,42.9
2026-05-07 02:00:00,S004,Facility 4,5,1,18.28,48.14
2026-05-07 02:00:00,S005,Facility 5,3,0,23.433333333333334,64.0
2026-05-07 02:00:00,S006,Facility 6,2,0,25.65,51.9
2026-05-07 02:00:00,S007,Facility 7,5,0,20.86,67.72
2026-05-07 02:00:00,S008,Facility 8,6,1,21.216666666666665,62.120000000000005
2026-05-07 02:00:00,S009,Facility 9,7,0,18.357142857142858,37.71666666666667
2026-05-07 02:00:00,S010,Facility 10,10,2,22.19,48.87
2026-05-07 02:00:00,S011,Facility 11,7,1,21.32857142857143,54.55714285714286
2026-05-07 02:00:00,S012,Facility 12,7,0,24.057142857142857,40.371428571428574
2026-05-07 02:00:00,S013,Facility 13,12,0,18.358333333333334,38.09166666666667
2026-05-07 02:00:00,S014,Facility 14,11,2,21.645454545454545,41.488888888888894
2026-05-07 03:00:00,S001,Facility 1,6,0,20.816666666666666,45.583333333333336
2026-05-07 03:00:00,S002,Facility 2,4,0,16.75,60.474999999999994
2026-05-07 03:00:00,S003,Facility 3,7,1,20.400000000000002,73.93333333333334
2026-05-07 03:00:00,S004,Facility 4,5,0,18.72,36.04
2026-05-07 03:00:00,S005,Facility 5,4,0,25.25,48.224999999999994
2026-05-07 03:00:00,S006,Facility 6,2,0,20.7,34.25
2026-05-07 03:00:00,S007,Facility 7,1,0,24.6,45.2
2026-05-07 03:00:00,S008,Facility 8,6,0,21.833333333333332,61.5
2026-05-07 03:00:00,S009,Facility 9,13,1,18.43846153846154,40.125
2026-05-07 03:00:00,S010,Facility 10,5,1,20.82,58.849999999999994
2026-05-07 03:00:00,S011,Facility 11,7,2,25.32857142857143,67.46666666666667
2026-05-07 03:00:00,S012,Facility 12,7,0,21.728571428571428,42.1
2026-05-07 03:00:00,S013,Facility 13,6,0,17.533333333333335,59.51666666666667
2026-05-07 03:00:00,S014,Facility 14,5,0,19.5,55.84000000000001
2026-05-07 04:00:00,S001,Facility 1,3,0,15.1,85.75
2026-05-07 04:00:00,S002,Facility 2,4,0,23.525,30.1
2026-05-07 04:00:00,S003,Facility 3,6,1,22.28333333333333,45.31666666666666
2026-05-07 04:00:00,S004,Facility 4,7,1,19.557142857142857,42.68571428571429
2026-05-07 04:00:00,S005,Facility 5,3,0,21.400000000000002,61.0
2026-05-07 04:00:00,S006,Facility 6,4,1,24.599999999999998,38.6
2026-05-07 04:00:00,S007,Facility 7,6,0,18.816666666666666,46.519999999999996
2026-05-07 04:00:00,S008,Facility 8,2,1,19.3,72.15
2026-05-07 04:00:00,S009,Facility 9,12,5,22.474999999999998,50.06363636363637
2026-05-07 04:00:00,S010,Facility 10,9,1,18.188888888888886,25.7625
2026-05-07 04:00:00,S011,Facility 11,8,1,19.05,37.8375
2026-05-07 04:00:00,S012,Facility 12,5,0,22.72,58.6
2026-05-07 04:00:00,S013,Facility 13,1,0,13.0,17.8
2026-05-07 04:00:00,S014,Facility 14,9,0,20.144444444444446,48.87777777777777
2026-05-07 05:00:00,S001,Facility 1,15,0,19.113333333333333,44.49285714285714
2026-05-07 05:00:00,S002,Facility 2,8,1,22.425,51.642857142857146
2026-05-07 05:00:00,S003,Facility 3,10,0,19.14,46.3
2026-05-07 05:00:00,S004,Facility 4,5,1,18.66,24.759999999999998
2026-05-07 05:00:00,S005,Facility 5,4,0,22.075,32.8
2026-05-07 05:00:00,S006,Facility 6,4,0,22.95,47.0
2026-05-07 05:00:00,S007,Facility 7,6,0,17.966666666666665,38.21666666666667
2026-05-07 05:00:00,S008,Facility 8,9,1,23.12222222222222,52.44444444444444
2026-05-07 05:00:00,S009,Facility 9,10,2,21.0,32.6888888888889
2026-05-07 05:00:00,S010,Facility 10,8,0,21.2625,51.957142857142856
2026-05-07 05:00:00,S011,Facility 11,9,0,20.633333333333333,50.25714285714286
2026-05-07 05:00:00,S012,Facility 12,6,1,23.349999999999998,38.15
2026-05-07 05:00:00,S013,Facility 13,11,3,20.945454545454545,60.6
2026-05-07 05:00:00,S014,Facility 14,9,0,20.87777777777778,31.900000000000002
2026-05-07 06:00:00,S001,Facility 1,3,0,22.400000000000002,62.699999999999996
2026-05-07 06:00:00,S002,Facility 2,5,0,21.48,58.019999999999996
2026-05-07 06:00:00,S003,Facility 3,6,0,22.400000000000002,61.75
2026-05-07 06:00:00,S004,Facility 4,6,1,17.916666666666668,69.11666666666666
2026-05-07 06:00:00,S005,Facility 5,6,0,17.033333333333335,69.47999999999999
2026-05-07 06:00:00,S006,Facility 6,9,0,18.966666666666665,65.77777777777777
2026-05-07 06:00:00,S007,Facility 7,2,0,27.25,61.25
2026-05-07 06:00:00,S008,Facility 8,7,0,20.3,44.739999999999995
2026-05-07 06:00:00,S009,Facility 9,9,1,21.61111111111111,46.34444444444445
2026-05-07 06:00:00,S010,Facility 10,4,0,20.35,50.175
2026-05-07 06:00:00,S011,Facility 11,6,0,20.666666666666668,40.13333333333333
2026-05-07 06:00:00,S012,Facility 12,4,1,19.65,50.949999999999996
2026-05-07 06:00:00,S013,Facility 13,6,1,19.8,71.22
2026-05-07 06:00:00,S014,Facility 14,8,1,21.15,62.4
2026-05-07 07:00:00,S001,Facility 1,14,3,18.957142857142856,53.861538461538466
2026-05-07 07:00:00,S002,Facility 2,7,0,18.02857142857143,37.542857142857144
2026-05-07 07:00:00,S003,Facility 3,7,0,22.0,56.93333333333334
2026-05-07 07:00:00,S004,Facility 4,7,0,19.057142857142857,48.17142857142857
2026-05-07 07:00:00,S005,Facility 5,3,0,19.5,28.166666666666668
2026-05-07 07:00:00,S006,Facility 6,2,0,21.85,19.2
2026-05-07 07:00:00,S007,Facility 7,4,0,19.575,54.93333333333333
2026-05-07 07:00:00,S008,Facility 8,10,0,21.27,60.89
2026-05-07 07:00:00,S009,Facility 9,6,0,21.516666666666666,60.68333333333334
2026-05-07 07:00:00,S010,Facility 10,5,1,20.34,68.5
2026-05-07 07:00:00,S011,Facility 11,4,1,20.0,60.650000000000006
2026-05-07 07:00:00,S012,Facility 12,3,0,18.96666666666667,31.766666666666666
2026-05-07 07:00:00,S013,Facility 13,6,0,22.03333333333333,70.23333333333333
2026-05-07 07:00:00,S014,Facility 14,10,0,18.95,35.114285714285714
2026-05-07 08:00:00,S001,Facility 1,14,1,18.114285714285714,48.221428571428575
2026-05-07 08:00:00,S002,Facility 2,3,1,22.266666666666666,50.9
2026-05-07 08:00:00,S003,Facility 3,16,4,21.7875,42.971428571428575
2026-05-07 08:00:00,S004,Facility 4,7,1,19.32857142857143,52.1
2026-05-07 08:00:00,S005,Facility 5,5,0,18.96,26.759999999999998
2026-05-07 08:00:00,S006,Facility 6,1,0,20.5,80.8
2026-05-07 08:00:00,S007,Facility 7,7,1,21.442857142857143,61.142857142857146
2026-05-07 08:00:00,S008,Facility 8,1,0,21.2,34.6
2026-05-07 08:00:00,S009,Facility 9,5,2,24.18,54.64
2026-05-07 08:00:00,S010,Facility 10,5,0,25.080000000000002,48.76
2026-05-07 08:00:00,S011,Facility 11,7,0,19.67142857142857,37.385714285714286
2026-05-07 08:00:00,S012,Facility 12,5,1,20.28,30.919999999999998
2026-05-07 08:00:00,S013,Facility 13,9,1,22.48888888888889,64.625
2026-05-07 08:00:00,S014,Facility 14,3,0,22.766666666666666,17.133333333333333
2026-05-07 09:00:00,S001,Facility 1,12,1,19.400000000000002,39.809090909090905
2026-05-07 09:00:00,S002,Facility 2,4,0,20.075,27.35
2026-05-07 09:00:00,S003,Facility 3,5,1,22.5,54.5
2026-05-07 09:00:00,S004,Facility 4,4,0,17.7,32.625
2026-05-07 09:00:00,S005,Facility 5,1,0,14.7,1.5
2026-05-07 09:00:00,S006,Facility 6,3,0,26.766666666666666,67.63333333333334
2026-05-07 09:00:00,S007,Facility 7,5,3,19.9,54.075
2026-05-07 09:00:00,S008,Facility 8,8,0,21.8875,36.43333333333333
2026-05-07 09:00:00,S009,Facility 9,5,0,20.740000000000002,38.22
2026-05-07 09:00:00,S010,Facility 10,12,2,22.483333333333334,47.43636363636363
2026-05-07 09:00:00,S011,Facility 11,5,0,18.72,51.0
2026-05-07 09:00:00,S012,Facility 12,10,1,18.81,43.15
2026-05-07 09:00:00,S013,Facility 13,8,0,21.325,42.08571428571429
2026-05-07 09:00:00,S014,Facility 14,4,0,19.225,52.0
2026-05-07 10:00:00,S001,Facility 1,8,1,18.1125,53.3875
2026-05-07 10:00:00,S002,Facility 2,6,1,20.133333333333333,55.25
2026-05-07 10:00:00,S003,Facility 3,11,2,21.536363636363635,54.733333333333334
2026-05-07 10:00:00,S004,Facility 4,5,0,20.72,60.52
2026-05-07 10:00:00,S005,Facility 5,5,1,24.380000000000003,77.89999999999999
2026-05-07 10:00:00,S006,Facility 6,8,1,24.5,50.175
2026-05-07 10:00:00,S007,Facility 7,3,0,14.666666666666666,42.9
2026-05-07 10:00:00,S008,Facility 8,5,1,22.84,56.64
2026-05-07 10:00:00,S009,Facility 9,12,3,20.983333333333334,38.11818181818182
2026-05-07 10:00:00,S010,Facility 10,5,0,18.22,64.5
2026-05-07 10:00:00,S011,Facility 11,8,1,21.7375,48.15
2026-05-07 10:00:00,S012,Facility 12,8,1,20.2,45.01428571428571
2026-05-07 10:00:00,S013,Facility 13,2,0,14.7,42.3
2026-05-07 10:00:00,S014,Facility 14,5,0,21.740000000000002,46.29999999999999
2026-05-07 11:00:00,S001,Facility 1,8,0,21.375,49.475
2026-05-07 11:00:00,S002,Facility 2,7,1,20.685714285714287,42.58571428571429
2026-05-07 11:00:00,S003,Facility 3,6,0,22.3,66.23333333333333
2026-05-07 11:00:00,S004,Facility 4,2,0,24.85,59.25
2026-05-07 11:00:00,S005,Facility 5,1,0,25.3,63.7
2026-05-07 11:00:00,S006,Facility 6,4,1,19.025,22.225
2026-05-07 11:00:00,S007,Facility 7,9,3,22.11111111111111,47.7875
2026-05-07 11:00:00,S008,Facility 8,7,1,24.014285714285712,48.82857142857143
2026-05-07 11:00:00,S009,Facility 9,3,0,18.433333333333334,55.36666666666667
2026-05-07 11:00:00,S010,Facility 10,8,1,22.1,60.01428571428572
2026-05-07 11:00:00,S011,Facility 11,9,2,18.77777777777778,44.77777777777778
2026-05-07 11:00:00,S012,Facility 12,9,1,22.344444444444445,57.08571428571429
2026-05-07 11:00:00,S013,Facility 13,12,1,19.775000000000002,52.06
2026-05-07 11:00:00,S014,Facility 14,10,2,22.880000000000003,46.55555555555556
2026-05-07 12:00:00,S001,Facility 1,6,1,23.383333333333336,51.333333333333336
2026-05-07 12:00:00,S002,Facility 2,2,0,31.35,44.15
2026-05-07 12:00:00,S003,Facility 3,7,2,19.67142857142857,47.114285714285714
2026-05-07 12:00:00,S004,Facility 4,3,0,24.666666666666668,56.1
2026-05-07 12:00:00,S005,Facility 5,4,1,22.775,61.425
2026-05-07 12:00:00,S006,Facility 6,2,0,17.3,57.6
2026-05-07 12:00:00,S007,Facility 7,4,0,26.95,58.875
2026-05-07 12:00:00,S008,Facility 8,6,1,19.883333333333333,62.833333333333336
2026-05-07 12:00:00,S009,Facility 9,9,0,21.08888888888889,41.3
2026-05-07 12:00:00,S010,Facility 10,4,0,23.125,72.53333333333335
2026-05-07 12:00:00,S011,Facility 11,10,3,20.55,52.11999999999999
2026-05-07 12:00:00,S012,Facility 12,7,1,16.742857142857144,61.37142857142857
2026-05-07 12:00:00,S013,Facility 13,12,0,22.566666666666666,48.324999999999996
2026-05-07 12:00:00,S014,Facility 14,7,2,20.62857142857143,53.779999999999994
2026-05-07 13:00:00,S001,Facility 1,10,0,18.9,43.3125
2026-05-07 13:00:00,S002,Facility 2,1,0,16.5,22.3
2026-05-07 13:00:00,S003,Facility 3,5,0,21.119999999999997,75.16
2026-05-07 13:00:00,S004,Facility 4,5,1,18.7,42.940000000000005
2026-05-07 13:00:00,S005,Facility 5,7,2,22.914285714285715,19.32
2026-05-07 13:00:00,S006,Facility 6,6,1,20.45,34.45
2026-05-07 13:00:00,S007,Facility 7,5,0,25.4,63.120000000000005
2026-05-07 13:00:00,S008,Facility 8,5,1,18.78,64.3
2026-05-07 13:00:00,S009,Facility 9,7,1,22.3,42.300000000000004
2026-05-07 13:00:00,S010,Facility 10,6,1,21.78333333333333,38.1
2026-05-07 13:00:00,S011,Facility 11,6,0,22.116666666666664,49.166666666666664
2026-05-07 13:00:00,S012,Facility 12,7,2,19.900000000000002,42.53333333333334
2026-05-07 13:00:00,S013,Facility 13,7,0,20.928571428571427,41.98571428571428
2026-05-07 13:00:00,S014,Facility 14,10,0,23.73,39.13333333333333
2026-05-07 14:00:00,S001,Facility 1,15,3,21.873333333333335,50.642857142857146
2026-05-07 14:00:00,S002,Facility 2,4,2,23.025,70.75
2026-05-07 14:00:00,S003,Facility 3,10,1,20.21,49.72222222222222
2026-05-07 14:00:00,S004,Facility 4,5,0,17.880000000000003,70.275
2026-05-07 14:00:00,S005,Facility 5,2,0,23.0,60.95
2026-05-07 14:00:00,S006,Facility 6,4,0,22.625,53.275000000000006
2026-05-07 14:00:00,S007,Facility 7,6,0,21.066666666666666,37.68333333333333
2026-05-07 14:00:00,S008,Facility 8,4,0,18.95,53.333333333333336
2026-05-07 14:00:00,S009,Facility 9,9,2,19.733333333333334,53.78888888888889
2026-05-07 14:00:00,S010,Facility 10,10,1,22.75,23.299999999999997
2026-05-07 14:00:00,S011,Facility 11,8,0,20.6875,47.92857142857143
2026-05-07 14:00:00,S012,Facility 12,12,0,24.383333333333336,55.32727272727273
2026-05-07 14:00:00,S013,Facility 13,8,0,21.975,62.6125
2026-05-07 14:00:00,S014,Facility 14,3,0,18.900000000000002,30.63333333333333
2026-05-07 15:00:00,S001,Facility 1,14,1,19.178571428571427,43.708333333333336
2026-05-07 15:00:00,S002,Facility 2,6,0,24.150000000000002,60.42
2026-05-07 15:00:00,S003,Facility 3,6,1,20.599999999999998,60.43333333333334
2026-05-07 15:00:00,S004,Facility 4,6,1,18.316666666666666,53.46
2026-05-07 15:00:00,S005,Facility 5,4,1,14.675,48.725
2026-05-07 15:00:00,S006,Facility 6,7,2,19.857142857142858,53.77142857142858
2026-05-07 15:00:00,S007,Facility 7,3,0,24.76666666666667,68.46666666666665
2026-05-07 15:00:00,S008,Facility 8,4,0,19.325,45.725
2026-05-07 15:00:00,S009,Facility 9,7,0,22.728571428571428,39.0
2026-05-07 15:00:00,S010,Facility 10,6,0,19.483333333333334,66.68333333333334
2026-05-07 15:00:00,S011,Facility 11,7,0,20.12857142857143,33.44285714285714
2026-05-07 15:00:00,S012,Facility 12,5,1,18.84,70.675
2026-05-07 15:00:00,S013,Facility 13,8,2,17.325,63.8625
2026-05-07 15:00:00,S014,Facility 14,7,0,21.814285714285713,51.471428571428575
2026-05-07 16:00:00,S001,Facility 1,7,0,17.657142857142855,72.86666666666666
2026-05-07 16:00:00,S002,Facility 2,2,0,18.1,63.2
2026-05-07 16:00:00,S003,Facility 3,7,0,22.12857142857143,47.366666666666674
2026-05-07 16:00:00,S004,Facility 4,6,2,22.733333333333334,46.36666666666667
2026-05-07 16:00:00,S005,Facility 5,3,0,20.433333333333334,62.36666666666667
2026-05-07 16:00:00,S006,Facility 6,3,0,19.0,36.53333333333333
2026-05-07 16:00:00,S007,Facility 7,4,0,17.825,34.833333333333336
2026-05-07 16:00:00,S008,Facility 8,9,1,19.744444444444447,49.487500000000004
2026-05-07 16:00:00,S009,Facility 9,11,2,18.772727272727273,56.55
2026-05-07 16:00:00,S010,Facility 10,12,1,23.191666666666666,48.39166666666667
2026-05-07 16:00:00,S011,Facility 11,4,0,21.85,43.625
2026-05-07 16:00:00,S012,Facility 12,6,0,18.533333333333335,52.15
2026-05-07 16:00:00,S013,Facility 13,8,0,23.1,57.8625
2026-05-07 16:00:00,S014,Facility 14,8,1,24.2625,40.525
2026-05-07 17:00:00,S001,Facility 1,14,2,22.985714285714288,50.49230769230769
2026-05-07 17:00:00,S002,Facility 2,4,0,21.225,76.55
2026-05-07 17:00:00,S003,Facility 3,7,2,20.32857142857143,41.449999999999996
2026-05-07 17:00:00,S004,Facility 4,9,2,19.555555555555557,55.77777777777778
2026-05-07 17:00:00,S005,Facility 5,6,1,19.71666666666667,30.24
2026-05-07 17:00:00,S006,Facility 6,3,1,24.166666666666668,29.75
2026-05-07 17:00:00,S007,Facility 7,3,0,17.900000000000002,32.46666666666667
2026-05-07 17:00:00,S008,Facility 8,9,3,20.72222222222222,56.34444444444445
2026-05-07 17:00:00,S009,Facility 9,11,0,17.40909090909091,51.6
2026-05-07 17:00:00,S010,Facility 10,4,0,24.075,41.75
2026-05-07 17:00:00,S011,Facility 11,10,2,20.009999999999998,48.22
2026-05-07 17:00:00,S012,Facility 12,4,0,19.25,57.025
2026-05-07 17:00:00,S013,Facility 13,3,0,16.666666666666668,50.96666666666667
2026-05-07 17:00:00,S014,Facility 14,2,0,20.799999999999997,46.05
2026-05-07 18:00:00,S001,Facility 1,6,1,23.2,32.06666666666667
2026-05-07 18:00:00,S002,Facility 2,2,0,17.65,71.1
2026-05-07 18:00:00,S003,Facility 3,10,1,20.06,39.269999999999996
2026-05-07 18:00:00,S004,Facility 4,3,0,24.633333333333336,45.800000000000004
2026-05-07 18:00:00,S005,Facility 5,5,0,17.72,23.425
2026-05-07 18:00:00,S006,Facility 6,5,1,20.08,36.65
2026-05-07 18:00:00,S007,Facility 7,8,0,16.95,33.775
2026-05-07 18:00:00,S008,Facility 8,6,1,17.333333333333332,48.35
2026-05-07 18:00:00,S009,Facility 9,5,1,22.479999999999997,48.58
2026-05-07 18:00:00,S010,Facility 10,7,2,23.2,50.357142857142854
2026-05-07 18:00:00,S011,Facility 11,3,0,18.0,64.23333333333333
2026-05-07 18:00:00,S012,Facility 12,5,0,16.86,60.025
2026-05-07 18:00:00,S013,Facility 13,4,0,18.724999999999998,72.60000000000001
2026-05-07 18:00:00,S014,Facility 14,6,0,26.299999999999997,54.88333333333333
2026-05-07 19:00:00,S001,Facility 1,13,1,18.7,52.43333333333334
2026-05-07 19:00:00,S002,Facility 2,6,0,23.03333333333333,65.975
2026-05-07 19:00:00,S003,Facility 3,7,0,18.514285714285712,45.38333333333333
2026-05-07 19:00:00,S004,Facility 4,5,0,21.2,41.42
2026-05-07 19:00:00,S005,Facility 5,1,1,20.1,
2026-05-07 19:00:00,S006,Facility 6,3,0,18.966666666666665,45.0
2026-05-07 19:00:00,S007,Facility 7,6,1,27.383333333333336,29.583333333333332
2026-05-07 19:00:00,S008,Facility 8,8,3,19.9625,53.385714285714286
2026-05-07 19:00:00,S009,Facility 9,4,1,22.2,59.975
2026-05-07 19:00:00,S010,Facility 10,12,2,21.650000000000002,50.12
2026-05-07 19:00:00,S011,Facility 11,9,1,18.533333333333335,58.9
2026-05-07 19:00:00,S012,Facility 12,8,1,19.9875,28.8
2026-05-07 19:00:00,S013,Facility 13,6,1,19.716666666666665,44.300000000000004
2026-05-07 19:00:00,S014,Facility 14,5,1,25.22,45.0
2026-05-07 20:00:00,S001,Facility 1,15,4,20.013333333333332,39.16153846153846
2026-05-07 20:00:00,S002,Facility 2,3,0,25.100000000000005,40.4
2026-05-07 20:00:00,S003,Facility 3,4,0,23.225,19.5
2026-05-07 20:00:00,S004,Facility 4,8,0,22.1875,33.025
2026-05-07 20:00:00,S005,Facility 5,4,2,19.525,43.333333333333336
2026-05-07 20:00:00,S006,Facility 6,5,1,16.3,51.32000000000001
2026-05-07 20:00:00,S007,Facility 7,5,0,16.5,23.575
2026-05-07 20:00:00,S008,Facility 8,2,1,27.7,45.6
2026-05-07 20:00:00,S009,Facility 9,6,0,17.833333333333332,31.96
2026-05-07 20:00:00,S010,Facility 10,10,0,24.3,56.5
2026-05-07 20:00:00,S012,Facility 12,9,1,19.6,35.975
2026-05-07 20:00:00,S013,Facility 13,4,0,23.075,60.7
2026-05-07 20:00:00,S014,Facility 14,7,1,20.228571428571428,36.771428571428565
2026-05-07 21:00:00,S001,Facility 1,11,0,22.063636363636363,54.82727272727273
2026-05-07 21:00:00,S002,Facility 2,2,1,18.9,93.30000000000001
2026-05-07 21:00:00,S003,Facility 3,6,0,21.46666666666667,61.86
2026-05-07 21:00:00,S004,Facility 4,5,0,16.1,45.08
2026-05-07 21:00:00,S005,Facility 5,1,0,28.2,18.1
2026-05-07 21:00:00,S006,Facility 6,6,0,20.466666666666665,47.13333333333333
2026-05-07 21:00:00,S007,Facility 7,2,0,26.9,43.45
2026-05-07 21:00:00,S008,Facility 8,9,1,22.155555555555555,75.01111111111112
2026-05-07 21:00:00,S009,Facility 9,12,0,23.349999999999998,63.025
2026-05-07 21:00:00,S010,Facility 10,3,1,24.866666666666664,38.63333333333333
2026-05-07 21:00:00,S011,Facility 11,6,0,19.233333333333334,44.96666666666667
2026-05-07 21:00:00,S012,Facility 12,8,0,19.1875,70.10000000000001
2026-05-07 21:00:00,S013,Facility 13,10,1,20.630000000000003,47.71
2026-05-07 21:00:00,S014,Facility 14,8,1,25.3875,47.25714285714286
2026-05-07 22:00:00,S001,Facility 1,8,2,19.9375,34.25
2026-05-07 22:00:00,S002,Facility 2,8,0,24.3125,49.771428571428565
2026-05-07 22:00:00,S003,Facility 3,4,2,23.8,68.8
2026-05-07 22:00:00,S004,Facility 4,3,0,18.933333333333334,59.300000000000004
2026-05-07 22:00:00,S005,Facility 5,4,0,18.225,80.36666666666666
2026-05-07 22:00:00,S006,Facility 6,2,0,18.450000000000003,82.5
2026-05-07 22:00:00,S007,Facility 7,4,0,20.925,57.55
2026-05-07 22:00:00,S008,Facility 8,10,2,20.47,48.11
2026-05-07 22:00:00,S009,Facility 9,5,0,20.94,64.6
2026-05-07 22:00:00,S010,Facility 10,13,1,21.838461538461537,51.13636363636363
2026-05-07 22:00:00,S011,Facility 11,4,1,18.875,38.35
2026-05-07 22:00:00,S012,Facility 12,6,0,23.366666666666664,53.916666666666664
2026-05-07 22:00:00,S013,Facility 13,6,2,21.366666666666664,55.620000000000005
2026-05-07 22:00:00,S014,Facility 14,7,1,22.17142857142857,57.25
2026-05-07 23:00:00,S001,Facility 1,14,3,20.514285714285712,42.54615384615385
2026-05-07 23:00:00,S002,Facility 2,2,0,23.45,17.0
2026-05-07 23:00:00,S003,Facility 3,9,0,19.98888888888889,48.475
2026-05-07 23:00:00,S004,Facility 4,7,1,20.8,39.425
2026-05-07 23:00:00,S005,Facility 5,9,0,23.933333333333334,52.166666666666664
2026-05-07 23:00:00,S006,Facility 6,4,2,22.675,21.65
2026-05-07 23:00:00,S007,Facility 7,2,1,25.75,16.65
2026-05-07 23:00:00,S008,Facility 8,5,0,21.82,34.9
2026-05-07 23:00:00,S009,Facility 9,8,0,20.2875,43.2625
2026-05-07 23:00:00,S010,Facility 10,10,1,23.869999999999997,53.69
2026-05-07 23:00:00,S011,Facility 11,4,1,19.45,73.96666666666665
2026-05-07 23:00:00,S012,Facility 12,5,0,15.819999999999999,57.36
2026-05-07 23:00:00,S013,Facility 13,8,0,20.8875,59.087500000000006
2026-05-07 23:00:00,S014,Facility 14,8,0,24.3625,37.8
2026-05-08 00:00:00,S001,Facility 1,6,1,20.25,55.81666666666666
2026-05-08 00:00:00,S002,Facility 2,4,0,22.724999999999998,67.8
2026-05-08 00:00:00,S003,Facility 3,9,1,20.42222222222222,60.24444444444445
2026-05-08 00:00:00,S004,Facility 4,4,1,21.825,41.76666666666667
2026-05-08 00:00:00,S005,Facility 5,1,0,16.8,49.8
2026-05-08 00:00:00,S006,Facility 6,4,1,20.825,89.23333333333333
2026-05-08 00:00:00,S007,Facility 7,7,1,20.385714285714283,59.699999999999996
2026-05-08 00:00:00,S008,Facility 8,6,1,22.066666666666666,53.73333333333333
2026-05-08 00:00:00,S009,Facility 9,9,2,20.755555555555556,66.17777777777778
2026-05-08 00:00:00,S010,Facility 10,6,0,24.483333333333334,60.300000000000004
2026-05-08 00:00:00,S011,Facility 11,9,1,20.533333333333335,51.8625
2026-05-08 00:00:00,S012,Facility 12,6,2,18.266666666666666,55.17999999999999
2026-05-08 00:00:00,S013,Facility 13,5,0,21.94,32.78
2026-05-08 00:00:00,S014,Facility 14,9,2,23.72222222222222,52.355555555555554
2026-05-08 01:00:00,S001,Facility 1,10,1,23.759999999999998,44.4875
2026-05-08 01:00:00,S002,Facility 2,4,0,25.325,53.8
2026-05-08 01:00:00,S003,Facility 3,9,1,18.966666666666665,68.82222222222222
2026-05-08 01:00:00,S004,Facility 4,4,0,18.725,38.825
2026-05-08 01:00:00,S005,Facility 5,3,0,19.8,51.6
2026-05-08 01:00:00,S006,Facility 6,3,1,19.533333333333335,64.76666666666667
2026-05-08 01:00:00,S007,Facility 7,5,1,24.380000000000003,60.120000000000005
2026-05-08 01:00:00,S008,Facility 8,2,0,15.6,34.4
2026-05-08 01:00:00,S009,Facility 9,10,0,19.84,52.0
2026-05-08 01:00:00,S010,Facility 10,5,1,23.3,49.53333333333334
2026-05-08 01:00:00,S011,Facility 11,11,5,20.30909090909091,46.04545454545455
2026-05-08 01:00:00,S012,Facility 12,6,0,19.650000000000002,32.5
2026-05-08 01:00:00,S013,Facility 13,5,1,21.48,65.66
2026-05-08 01:00:00,S014,Facility 14,6,1,22.633333333333336,64.4
2026-05-08 02:00:00,S001,Facility 1,8,2,19.0625,48.542857142857144
2026-05-08 02:00:00,S002,Facility 2,4,1,19.125,58.175
2026-05-08 02:00:00,S003,Facility 3,12,2,21.308333333333334,23.227272727272727
2026-05-08 02:00:00,S004,Facility 4,4,1,22.275,41.775000000000006
2026-05-08 02:00:00,S005,Facility 5,2,0,18.95,59.5
2026-05-08 02:00:00,S006,Facility 6,2,0,26.9,45.3
2026-05-08 02:00:00,S007,Facility 7,5,2,26.72,29.566666666666666
2026-05-08 02:00:00,S008,Facility 8,4,0,22.875,46.975
2026-05-08 02:00:00,S009,Facility 9,7,0,19.914285714285715,60.199999999999996
2026-05-08 02:00:00,S010,Facility 10,5,2,23.380000000000003,28.5
2026-05-08 02:00:00,S011,Facility 11,4,2,25.325,40.699999999999996
2026-05-08 02:00:00,S012,Facility 12,5,0,18.84,47.0
2026-05-08 02:00:00,S013,Facility 13,6,0,18.05,41.36666666666667
2026-05-08 02:00:00,S014,Facility 14,4,0,24.2,35.0
2026-05-08 03:00:00,S001,Facility 1,12,1,22.291666666666668,41.79
2026-05-08 03:00:00,S002,Facility 2,3,0,20.433333333333334,24.566666666666666
2026-05-08 03:00:00,S003,Facility 3,8,2,19.9875,55.15
2026-05-08 03:00:00,S004,Facility 4,5,0,19.84,29.15
2026-05-08 03:00:00,S005,Facility 5,1,0,15.0,42.8
2026-05-08 03:00:00,S006,Facility 6,2,0,26.5,58.199999999999996
2026-05-08 03:00:00,S007,Facility 7,4,1,20.875,62.5
2026-05-08 03:00:00,S008,Facility 8,6,0,24.96666666666667,44.70000000000001
2026-05-08 03:00:00,S009,Facility 9,11,2,20.436363636363637,56.35454545454545
2026-05-08 03:00:00,S010,Facility 10,9,3,24.022222222222222,40.0
2026-05-08 03:00:00,S011,Facility 11,4,1,18.4,35.325
2026-05-08 03:00:00,S012,Facility 12,16,0,20.9375,44.46
2026-05-08 03:00:00,S013,Facility 13,4,1,21.95,63.575
2026-05-08 03:00:00,S014,Facility 14,7,1,20.7,58.6
2026-05-08 04:00:00,S001,Facility 1,9,1,18.12222222222222,52.2875
2026-05-08 04:00:00,S002,Facility 2,4,0,19.075,38.175000000000004
2026-05-08 04:00:00,S003,Facility 3,6,2,19.76666666666667,19.7
2026-05-08 04:00:00,S004,Facility 4,5,2,19.82,56.8
2026-05-08 04:00:00,S005,Facility 5,3,0,20.099999999999998,53.699999999999996
2026-05-08 04:00:00,S006,Facility 6,1,1,14.0,78.9
2026-05-08 04:00:00,S007,Facility 7,4,2,16.9,40.26666666666667
2026-05-08 04:00:00,S008,Facility 8,7,0,21.52857142857143,50.86666666666667
2026-05-08 04:00:00,S009,Facility 9,11,3,19.60909090909091,51.83
2026-05-08 04:00:00,S010,Facility 10,6,0,25.566666666666666,32.0
2026-05-08 04:00:00,S011,Facility 11,10,2,19.990000000000002,48.21111111111111
2026-05-08 04:00:00,S012,Facility 12,6,1,21.900000000000002,73.14999999999999
2026-05-08 04:00:00,S013,Facility 13,10,0,20.880000000000003,34.5625
2026-05-08 04:00:00,S014,Facility 14,4,0,21.175,30.4
2026-05-08 05:00:00,S001,Facility 1,11,0,20.2,51.39090909090908
2026-05-08 05:00:00,S002,Facility 2,2,0,25.15,19.349999999999998
2026-05-08 05:00:00,S003,Facility 3,12,1,21.333333333333332,43.06666666666667
2026-05-08 05:00:00,S004,Facility 4,8,2,21.975,43.9375
2026-05-08 05:00:00,S005,Facility 5,6,3,18.166666666666668,44.35
2026-05-08 05:00:00,S006,Facility 6,2,0,20.4,50.8
2026-05-08 05:00:00,S007,Facility 7,6,1,19.650000000000002,59.85
2026-05-08 05:00:00,S008,Facility 8,7,2,23.428571428571427,43.28333333333333
2026-05-08 05:00:00,S009,Facility 9,9,0,21.933333333333334,58.6625
2026-05-08 05:00:00,S010,Facility 10,8,1,22.625,59.725
2026-05-08 05:00:00,S011,Facility 11,7,1,20.142857142857142,35.9
2026-05-08 05:00:00,S012,Facility 12,4,1,22.674999999999997,80.125
2026-05-08 05:00:00,S013,Facility 13,5,1,20.54,50.339999999999996
2026-05-08 05:00:00,S014,Facility 14,8,1,22.1375,32.737500000000004
2026-05-08 06:00:00,S001,Facility 1,13,4,18.292307692307695,42.23846153846154
2026-05-08 06:00:00,S002,Facility 2,2,0,18.7,23.45
2026-05-08 06:00:00,S003,Facility 3,10,0,21.72,43.333333333333336
2026-05-08 06:00:00,S004,Facility 4,7,1,20.271428571428572,66.14999999999999
2026-05-08 06:00:00,S005,Facility 5,6,0,19.400000000000002,41.38
2026-05-08 06:00:00,S006,Facility 6,8,3,19.349999999999998,52.916666666666664
2026-05-08 06:00:00,S007,Facility 7,4,0,17.8,35.55
2026-05-08 06:00:00,S008,Facility 8,8,3,21.9,52.833333333333336
2026-05-08 06:00:00,S009,Facility 9,7,0,21.400000000000002,43.471428571428575
2026-05-08 06:00:00,S010,Facility 10,13,0,21.200000000000003,47.87
2026-05-08 06:00:00,S011,Facility 11,3,1,21.03333333333333,19.23333333333333
2026-05-08 06:00:00,S012,Facility 12,3,0,21.5,85.2
2026-05-08 06:00:00,S013,Facility 13,7,2,21.25714285714286,61.785714285714285
2026-05-08 06:00:00,S014,Facility 14,7,1,18.37142857142857,40.814285714285724
2026-05-08 07:00:00,S001,Facility 1,10,0,19.36,54.550000000000004
2026-05-08 07:00:00,S002,Facility 2,7,1,27.771428571428572,46.61666666666667
2026-05-08 07:00:00,S003,Facility 3,11,0,22.854545454545455,61.6
2026-05-08 07:00:00,S004,Facility 4,5,0,20.2,41.519999999999996
2026-05-08 07:00:00,S005,Facility 5,2,0,22.3,55.95
2026-05-08 07:00:00,S006,Facility 6,6,1,17.016666666666666,71.95
2026-05-08 07:00:00,S007,Facility 7,5,1,18.94,54.82000000000001
2026-05-08 07:00:00,S008,Facility 8,11,1,19.927272727272726,62.51818181818182
2026-05-08 07:00:00,S009,Facility 9,13,1,19.77692307692308,52.916666666666664
2026-05-08 07:00:00,S010,Facility 10,13,1,20.33076923076923,51.04545454545455
2026-05-08 07:00:00,S011,Facility 11,9,0,20.466666666666665,56.6
2026-05-08 07:00:00,S012,Facility 12,11,1,19.37272727272727,30.4
2026-05-08 07:00:00,S013,Facility 13,5,0,20.4,64.3
2026-05-08 07:00:00,S014,Facility 14,7,4,22.342857142857145,45.63333333333333
2026-05-08 08:00:00,S001,Facility 1,15,1,18.486666666666668,45.84285714285714
2026-05-08 08:00:00,S002,Facility 2,4,0,22.4,57.75
2026-05-08 08:00:00,S003,Facility 3,6,1,20.65,39.7
2026-05-08 08:00:00,S004,Facility 4,2,0,20.549999999999997,72.5
2026-05-08 08:00:00,S006,Facility 6,5,2,22.6,39.05
2026-05-08 08:00:00,S007,Facility 7,7,0,21.12857142857143,27.714285714285715
2026-05-08 08:00:00,S008,Facility 8,5,2,21.06,38.22
2026-05-08 08:00:00,S009,Facility 9,10,1,20.21,30.810000000000002
2026-05-08 08:00:00,S010,Facility 10,16,1,19.175,51.81875
2026-05-08 08:00:00,S011,Facility 11,7,2,23.62857142857143,58.17142857142857
2026-05-08 08:00:00,S012,Facility 12,2,1,23.45,45.0
2026-05-08 08:00:00,S013,Facility 13,7,0,18.47142857142857,39.785714285714285
2026-05-08 08:00:00,S014,Facility 14,2,0,20.55,69.7
2026-05-08 09:00:00,S001,Facility 1,10,1,19.91,51.0
2026-05-08 09:00:00,S002,Facility 2,2,1,16.9,76.55
2026-05-08 09:00:00,S003,Facility 3,11,0,21.11818181818182,38.372727272727275
2026-05-08 09:00:00,S004,Facility 4,6,0,18.816666666666666,54.120000000000005
2026-05-08 09:00:00,S005,Facility 5,3,1,23.233333333333334,23.666666666666668
2026-05-08 09:00:00,S006,Facility 6,1,0,14.0,29.6
2026-05-08 09:00:00,S007,Facility 7,3,1,19.833333333333332,27.266666666666666
2026-05-08 09:00:00,S008,Facility 8,6,0,22.55,50.38333333333333
2026-05-08 09:00:00,S009,Facility 9,14,0,22.678571428571427,58.449999999999996
2026-05-08 09:00:00,S010,Facility 10,9,0,21.688888888888886,58.1375
2026-05-08 09:00:00,S011,Facility 11,4,0,22.925,58.85
2026-05-08 09:00:00,S012,Facility 12,5,0,21.0,49.95
2026-05-08 09:00:00,S013,Facility 13,3,1,19.733333333333334,59.43333333333334
2026-05-08 09:00:00,S014,Facility 14,4,1,19.175,40.9
2026-05-08 10:00:00,S001,Facility 1,8,0,18.2375,42.7
2026-05-08 10:00:00,S002,Facility 2,7,0,22.385714285714283,41.871428571428574
2026-05-08 10:00:00,S003,Facility 3,8,0,22.4625,55.32857142857143
2026-05-08 10:00:00,S004,Facility 4,11,3,20.054545454545455,60.09090909090909
2026-05-08 10:00:00,S005,Facility 5,4,2,23.275,53.43333333333334
2026-05-08 10:00:00,S006,Facility 6,4,0,19.375,51.53333333333333
2026-05-08 10:00:00,S007,Facility 7,4,0,21.05,46.63333333333333
2026-05-08 10:00:00,S008,Facility 8,4,1,19.175,53.925
2026-05-08 10:00:00,S009,Facility 9,8,1,20.0625,35.46
2026-05-08 10:00:00,S010,Facility 10,9,1,24.355555555555554,51.65
2026-05-08 10:00:00,S011,Facility 11,7,1,21.785714285714285,50.55714285714286
2026-05-08 10:00:00,S012,Facility 12,9,0,19.344444444444445,58.06666666666667
2026-05-08 10:00:00,S013,Facility 13,4,0,19.625,65.525
2026-05-08 10:00:00,S014,Facility 14,2,1,23.05,85.35
2026-05-08 11:00:00,S001,Facility 1,7,3,21.157142857142855,61.800000000000004
2026-05-08 11:00:00,S002,Facility 2,4,0,25.6,29.225
2026-05-08 11:00:00,S003,Facility 3,13,2,21.623076923076926,49.38333333333333
2026-05-08 11:00:00,S004,Facility 4,8,1,20.2875,45.057142857142864
2026-05-08 11:00:00,S005,Facility 5,4,0,21.925,30.474999999999998
2026-05-08 11:00:00,S007,Facility 7,5,1,19.14,61.32000000000001
2026-05-08 11:00:00,S008,Facility 8,3,1,24.2,56.63333333333333
2026-05-08 11:00:00,S009,Facility 9,7,1,16.442857142857143,40.94285714285714
2026-05-08 11:00:00,S010,Facility 10,8,3,20.6375,43.0
2026-05-08 11:00:00,S011,Facility 11,6,2,25.066666666666666,53.620000000000005
2026-05-08 11:00:00,S012,Facility 12,9,1,21.77777777777778,40.7
2026-05-08 11:00:00,S013,Facility 13,7,0,19.442857142857143,46.771428571428565
2026-05-08 11:00:00,S014,Facility 14,8,2,20.4,63.6625
2026-05-08 12:00:00,S001,Facility 1,9,2,18.733333333333334,56.7875
2026-05-08 12:00:00,S002,Facility 2,3,1,19.633333333333336,50.199999999999996
2026-05-08 12:00:00,S003,Facility 3,9,3,20.466666666666665,63.6888888888889
2026-05-08 12:00:00,S004,Facility 4,3,0,20.566666666666666,39.93333333333333
2026-05-08 12:00:00,S005,Facility 5,3,0,21.166666666666668,20.03333333333333
2026-05-08 12:00:00,S006,Facility 6,3,1,21.099999999999998,54.13333333333333
2026-05-08 12:00:00,S007,Facility 7,1,0,21.7,11.1
2026-05-08 12:00:00,S008,Facility 8,4,0,21.325,47.1
2026-05-08 12:00:00,S009,Facility 9,8,1,20.2625,46.92857142857143
2026-05-08 12:00:00,S010,Facility 10,8,2,20.95,59.425
2026-05-08 12:00:00,S011,Facility 11,7,2,21.74285714285714,41.11666666666667
2026-05-08 12:00:00,S012,Facility 12,5,1,16.46,50.519999999999996
2026-05-08 12:00:00,S013,Facility 13,8,0,22.3,40.48571428571428
2026-05-08 12:00:00,S014,Facility 14,6,2,20.183333333333334,55.06666666666666
2026-05-08 13:00:00,S001,Facility 1,4,0,21.75,65.3
2026-05-08 13:00:00,S002,Facility 2,3,0,15.933333333333332,35.666666666666664
2026-05-08 13:00:00,S003,Facility 3,9,2,25.033333333333335,62.599999999999994
2026-05-08 13:00:00,S004,Facility 4,2,0,14.85,34.05
2026-05-08 13:00:00,S005,Facility 5,2,1,19.8,48.05
2026-05-08 13:00:00,S007,Facility 7,14,0,21.99285714285714,48.028571428571425
2026-05-08 13:00:00,S008,Facility 8,5,0,22.14,44.239999999999995
2026-05-08 13:00:00,S009,Facility 9,5,0,20.580000000000002,41.46
2026-05-08 13:00:00,S010,Facility 10,9,2,23.799999999999997,54.7
2026-05-08 13:00:00,S011,Facility 11,5,0,19.919999999999998,79.15
2026-05-08 13:00:00,S012,Facility 12,11,2,22.62727272727273,48.14545454545455
2026-05-08 13:00:00,S013,Facility 13,6,0,21.233333333333334,52.15
2026-05-08 13:00:00,S014,Facility 14,9,1,23.144444444444446,35.888888888888886
2026-05-08 14:00:00,S001,Facility 1,6,0,17.75,28.433333333333334
2026-05-08 14:00:00,S002,Facility 2,4,1,20.5,25.65
2026-05-08 14:00:00,S003,Facility 3,7,0,23.3,39.32857142857143
2026-05-08 14:00:00,S004,Facility 4,4,1,17.975,78.8
2026-05-08 14:00:00,S005,Facility 5,4,0,18.1,31.7
2026-05-08 14:00:00,S006,Facility 6,5,0,20.419999999999998,56.86
2026-05-08 14:00:00,S007,Facility 7,10,2,23.47,53.544444444444444
2026-05-08 14:00:00,S008,Facility 8,5,0,24.619999999999997,61.379999999999995
2026-05-08 14:00:00,S009,Facility 9,6,1,19.666666666666668,36.38333333333333
2026-05-08 14:00:00,S010,Facility 10,9,1,19.766666666666666,53.93333333333333
2026-05-08 14:00:00,S011,Facility 11,6,0,21.75,65.73333333333333
2026-05-08 14:00:00,S012,Facility 12,6,1,17.583333333333332,62.9
2026-05-08 14:00:00,S013,Facility 13,5,1,21.64,61.7
2026-05-08 14:00:00,S014,Facility 14,8,0,21.5875,47.642857142857146
2026-05-08 15:00:00,S001,Facility 1,12,1,21.233333333333334,52.71666666666667
2026-05-08 15:00:00,S002,Facility 2,2,1,23.65,39.3
2026-05-08 15:00:00,S003,Facility 3,6,2,22.900000000000002,61.083333333333336
2026-05-08 15:00:00,S004,Facility 4,6,0,17.883333333333333,59.260000000000005
2026-05-08 15:00:00,S005,Facility 5,7,0,19.24285714285714,61.785714285714285
2026-05-08 15:00:00,S006,Facility 6,3,1,26.166666666666668,53.46666666666666
2026-05-08 15:00:00,S007,Facility 7,8,2,21.1375,65.42
2026-05-08 15:00:00,S008,Facility 8,5,0,22.64,51.48
2026-05-08 15:00:00,S009,Facility 9,10,2,22.490000000000002,44.9625
2026-05-08 15:00:00,S010,Facility 10,8,1,21.5375,51.128571428571426
2026-05-08 15:00:00,S011,Facility 11,9,2,21.211111111111112,54.1888888888889
2026-05-08 15:00:00,S012,Facility 12,10,0,21.55,41.769999999999996
2026-05-08 15:00:00,S013,Facility 13,7,0,20.185714285714287,48.728571428571435
2026-05-08 15:00:00,S014,Facility 14,4,1,22.675,52.666666666666664
2026-05-08 16:00:00,S001,Facility 1,16,0,20.225,46.021428571428565
2026-05-08 16:00:00,S003,Facility 3,6,0,20.766666666666666,70.24
2026-05-08 16:00:00,S004,Facility 4,4,0,22.1,49.075
2026-05-08 16:00:00,S005,Facility 5,9,3,20.822222222222223,55.52222222222222
2026-05-08 16:00:00,S006,Facility 6,3,2,20.966666666666665,67.63333333333334
2026-05-08 16:00:00,S007,Facility 7,2,0,21.85,24.25
2026-05-08 16:00:00,S008,Facility 8,6,0,21.96666666666667,57.699999999999996
2026-05-08 16:00:00,S009,Facility 9,11,0,21.87272727272727,49.044444444444444
2026-05-08 16:00:00,S010,Facility 10,7,2,22.357142857142858,43.457142857142856
2026-05-08 16:00:00,S011,Facility 11,1,0,23.5,13.9
2026-05-08 16:00:00,S012,Facility 12,8,2,22.9375,52.699999999999996
2026-05-08 16:00:00,S013,Facility 13,9,4,17.255555555555556,36.71111111111111
2026-05-08 16:00:00,S014,Facility 14,2,1,23.35,86.8
2026-05-08 17:00:00,S001,Facility 1,7,0,18.785714285714285,63.94285714285714
2026-05-08 17:00:00,S002,Facility 2,3,0,18.433333333333334,61.63333333333333
2026-05-08 17:00:00,S003,Facility 3,9,1,19.522222222222222,39.51666666666667
2026-05-08 17:00:00,S004,Facility 4,4,0,15.425,67.125
2026-05-08 17:00:00,S005,Facility 5,3,0,21.53333333333333,73.0
2026-05-08 17:00:00,S006,Facility 6,5,0,22.2,45.14
2026-05-08 17:00:00,S007,Facility 7,4,1,19.375,50.925
2026-05-08 17:00:00,S008,Facility 8,4,0,24.975,51.925
2026-05-08 17:00:00,S009,Facility 9,9,1,20.255555555555556,52.08888888888888
2026-05-08 17:00:00,S010,Facility 10,11,0,23.80909090909091,52.13636363636363
2026-05-08 17:00:00,S011,Facility 11,8,3,23.725,40.6125
2026-05-08 17:00:00,S012,Facility 12,6,1,20.066666666666666,36.81666666666667
2026-05-08 17:00:00,S013,Facility 13,7,0,18.657142857142855,61.25714285714285
2026-05-08 17:00:00,S014,Facility 14,7,2,24.542857142857144,55.87142857142857
2026-05-08 18:00:00,S001,Facility 1,14,1,19.2,32.707692307692305
2026-05-08 18:00:00,S002,Facility 2,2,1,22.25,69.0
2026-05-08 18:00:00,S003,Facility 3,8,2,19.95,52.199999999999996
2026-05-08 18:00:00,S004,Facility 4,5,3,18.96,47.8
2026-05-08 18:00:00,S005,Facility 5,5,0,23.82,46.36
2026-05-08 18:00:00,S006,Facility 6,6,0,18.383333333333333,49.949999999999996
2026-05-08 18:00:00,S007,Facility 7,5,1,17.1,62.25
2026-05-08 18:00:00,S008,Facility 8,4,1,23.325,35.425
2026-05-08 18:00:00,S009,Facility 9,6,0,22.316666666666666,51.18333333333333
2026-05-08 18:00:00,S010,Facility 10,6,1,21.849999999999998,45.575
2026-05-08 18:00:00,S011,Facility 11,7,0,21.042857142857144,46.26666666666667
2026-05-08 18:00:00,S012,Facility 12,8,0,20.7125,34.15
2026-05-08 18:00:00,S013,Facility 13,5,0,19.72,48.575
2026-05-08 18:00:00,S014,Facility 14,8,0,21.5,26.0375
2026-05-08 19:00:00,S001,Facility 1,9,2,19.144444444444446,65.30000000000001
2026-05-08 19:00:00,S002,Facility 2,2,0,20.5,67.7
2026-05-08 19:00:00,S003,Facility 3,7,0,20.457142857142856,61.628571428571426
2026-05-08 19:00:00,S004,Facility 4,9,0,20.08888888888889,58.93333333333333
2026-05-08 19:00:00,S005,Facility 5,2,0,19.0,36.900000000000006
2026-05-08 19:00:00,S006,Facility 6,2,0,24.1,18.0
2026-05-08 19:00:00,S007,Facility 7,4,0,24.225,43.03333333333333
2026-05-08 19:00:00,S008,Facility 8,6,0,22.2,54.28333333333333
2026-05-08 19:00:00,S009,Facility 9,5,0,19.759999999999998,31.54
2026-05-08 19:00:00,S010,Facility 10,7,0,24.02857142857143,24.4
2026-05-08 19:00:00,S011,Facility 11,4,0,22.175,36.375
2026-05-08 19:00:00,S012,Facility 12,10,2,22.66,49.82
2026-05-08 19:00:00,S013,Facility 13,5,1,18.34,51.160000000000004
2026-05-08 19:00:00,S014,Facility 14,5,1,20.580000000000002,48.32000000000001
2026-05-08 20:00:00,S001,Facility 1,10,2,20.79,47.910000000000004
2026-05-08 20:00:00,S002,Facility 2,6,0,22.03333333333333,57.300000000000004
2026-05-08 20:00:00,S003,Facility 3,10,1,22.52,50.19
2026-05-08 20:00:00,S004,Facility 4,10,1,19.65,50.44444444444444
2026-05-08 20:00:00,S005,Facility 5,4,1,20.325,40.05
2026-05-08 20:00:00,S006,Facility 6,6,0,22.766666666666666,44.949999999999996
2026-05-08 20:00:00,S007,Facility 7,3,0,19.333333333333332,16.933333333333334
2026-05-08 20:00:00,S008,Facility 8,5,0,25.34,41.95
2026-05-08 20:00:00,S009,Facility 9,14,1,20.37142857142857,49.457142857142856
2026-05-08 20:00:00,S010,Facility 10,11,1,21.236363636363635,26.172727272727272
2026-05-08 20:00:00,S011,Facility 11,10,0,23.28,36.7
2026-05-08 20:00:00,S012,Facility 12,7,0,17.914285714285715,52.857142857142854
2026-05-08 20:00:00,S013,Facility 13,6,0,22.099999999999998,53.82000000000001
2026-05-08 20:00:00,S014,Facility 14,5,0,21.72,40.019999999999996
2026-05-08 21:00:00,S001,Facility 1,7,2,21.071428571428573,55.550000000000004
2026-05-08 21:00:00,S002,Facility 2,6,0,22.25,54.46666666666667
2026-05-08 21:00:00,S003,Facility 3,6,1,21.566666666666666,35.2
2026-05-08 21:00:00,S004,Facility 4,9,2,22.61111111111111,57.08888888888888
2026-05-08 21:00:00,S005,Facility 5,4,0,19.599999999999998,61.6
2026-05-08 21:00:00,S006,Facility 6,5,1,22.78,50.18
2026-05-08 21:00:00,S007,Facility 7,5,0,21.36,41.12
2026-05-08 21:00:00,S008,Facility 8,6,0,19.616666666666667,44.38333333333333
2026-05-08 21:00:00,S009,Facility 9,7,0,24.085714285714285,37.3
2026-05-08 21:00:00,S010,Facility 10,5,0,23.5,28.025
2026-05-08 21:00:00,S011,Facility 11,6,1,24.666666666666668,61.475
2026-05-08 21:00:00,S012,Facility 12,11,1,18.836363636363636,37.660000000000004
2026-05-08 21:00:00,S013,Facility 13,3,0,22.7,44.56666666666666
2026-05-08 21:00:00,S014,Facility 14,9,5,20.566666666666666,43.2625
2026-05-08 22:00:00,S001,Facility 1,8,2,20.075,37.7875
2026-05-08 22:00:00,S002,Facility 2,5,2,19.86,35.7
2026-05-08 22:00:00,S003,Facility 3,12,0,22.816666666666666,41.43333333333333
2026-05-08 22:00:00,S004,Facility 4,8,1,19.5,50.775
2026-05-08 22:00:00,S005,Facility 5,6,2,22.45,31.13333333333333
2026-05-08 22:00:00,S006,Facility 6,5,1,18.66,61.86
2026-05-08 22:00:00,S007,Facility 7,4,1,20.825000000000003,24.975
2026-05-08 22:00:00,S008,Facility 8,8,2,21.1375,59.5625
2026-05-08 22:00:00,S009,Facility 9,5,0,22.48,64.3
2026-05-08 22:00:00,S010,Facility 10,11,2,23.21818181818182,69.45555555555556
2026-05-08 22:00:00,S011,Facility 11,6,4,19.016666666666666,32.35
2026-05-08 22:00:00,S012,Facility 12,7,0,19.828571428571426,40.199999999999996
2026-05-08 22:00:00,S013,Facility 13,9,0,23.766666666666666,63.58888888888888
2026-05-08 22:00:00,S014,Facility 14,8,0,22.325,53.739999999999995
2026-05-08 23:00:00,S001,Facility 1,9,0,24.200000000000003,47.4375
2026-05-08 23:00:00,S002,Facility 2,2,1,23.05,43.95
2026-05-08 23:00:00,S003,Facility 3,6,1,22.566666666666666,63.35
2026-05-08 23:00:00,S004,Facility 4,7,1,22.585714285714285,59.17142857142857
2026-05-08 23:00:00,S005,Facility 5,4,2,25.025,24.174999999999997
2026-05-08 23:00:00,S006,Facility 6,7,0,21.3,49.714285714285715
2026-05-08 23:00:00,S007,Facility 7,9,1,23.822222222222223,49.45555555555555
2026-05-08 23:00:00,S008,Facility 8,8,1,21.0375,43.8
2026-05-08 23:00:00,S009,Facility 9,6,0,19.066666666666666,44.21666666666667
2026-05-08 23:00:00,S010,Facility 10,12,1,18.983333333333334,52.16363636363636
2026-05-08 23:00:00,S011,Facility 11,4,1,19.5,44.53333333333334
2026-05-08 23:00:00,S012,Facility 12,7,1,20.014285714285712,59.65
2026-05-08 23:00:00,S013,Facility 13,4,2,23.85,65.275
2026-05-08 23:00:00,S014,Facility 14,8,1,20.8,42.199999999999996
2026-05-09 00:00:00,S001,Facility 1,5,0,21.18,66.96000000000001
2026-05-09 00:00:00,S003,Facility 3,6,0,19.983333333333334,36.48333333333333
2026-05-09 00:00:00,S004,Facility 4,5,0,20.2,57.699999999999996
2026-05-09 00:00:00,S005,Facility 5,6,1,24.333333333333332,45.18333333333334
2026-05-09 00:00:00,S006,Facility 6,3,0,23.333333333333332,34.86666666666667
2026-05-09 00:00:00,S007,Facility 7,5,1,20.78,58.8
2026-05-09 00:00:00,S008,Facility 8,7,0,23.8,48.43333333333334
2026-05-09 00:00:00,S009,Facility 9,4,0,20.025,54.55
2026-05-09 00:00:00,S010,Facility 10,5,1,18.56,61.64
2026-05-09 00:00:00,S011,Facility 11,6,1,19.75,35.916666666666664
2026-05-09 00:00:00,S012,Facility 12,10,1,20.759999999999998,48.89
2026-05-09 00:00:00,S013,Facility 13,5,0,20.419999999999998,41.08
2026-05-09 00:00:00,S014,Facility 14,3,1,28.066666666666666,44.96666666666667
2026-05-09 01:00:00,S001,Facility 1,9,0,20.544444444444444,45.41111111111111
2026-05-09 01:00:00,S002,Facility 2,1,0,23.8,2.8
2026-05-09 01:00:00,S003,Facility 3,8,0,21.3875,61.857142857142854
2026-05-09 01:00:00,S004,Facility 4,5,0,18.2,66.0
2026-05-09 01:00:00,S005,Facility 5,4,1,20.6,53.166666666666664
2026-05-09 01:00:00,S006,Facility 6,4,1,20.95,76.05
2026-05-09 01:00:00,S007,Facility 7,6,1,23.3,36.733333333333334
2026-05-09 01:00:00,S008,Facility 8,5,0,22.2,49.925
2026-05-09 01:00:00,S009,Facility 9,6,1,24.21666666666667,37.5
2026-05-09 01:00:00,S010,Facility 10,3,0,20.066666666666666,42.06666666666667
2026-05-09 01:00:00,S011,Facility 11,4,1,18.225,42.3
2026-05-09 01:00:00,S012,Facility 12,8,1,20.35,53.6375
2026-05-09 01:00:00,S013,Facility 13,10,2,20.43,31.755555555555556
2026-05-09 01:00:00,S014,Facility 14,10,6,20.46,48.175
2026-05-09 02:00:00,S001,Facility 1,11,2,21.599999999999998,47.6
2026-05-09 02:00:00,S002,Facility 2,3,0,25.266666666666666,54.46666666666666
2026-05-09 02:00:00,S003,Facility 3,14,0,20.807142857142857,55.67142857142857
2026-05-09 02:00:00,S004,Facility 4,6,3,20.116666666666667,38.666666666666664
2026-05-09 02:00:00,S005,Facility 5,4,0,17.85,73.96666666666667
2026-05-09 02:00:00,S006,Facility 6,2,0,20.65,61.5
2026-05-09 02:00:00,S007,Facility 7,5,0,20.76,50.475
2026-05-09 02:00:00,S008,Facility 8,3,0,24.366666666666664,35.86666666666667
2026-05-09 02:00:00,S009,Facility 9,5,0,20.02,58.275
2026-05-09 02:00:00,S010,Facility 10,8,0,24.2625,48.9375
2026-05-09 02:00:00,S011,Facility 11,5,0,22.240000000000002,50.220000000000006
2026-05-09 02:00:00,S012,Facility 12,3,0,23.333333333333332,13.5
2026-05-09 02:00:00,S013,Facility 13,7,1,21.599999999999998,66.21666666666667
2026-05-09 02:00:00,S014,Facility 14,10,2,19.69,44.81
2026-05-09 03:00:00,S001,Facility 1,11,0,23.281818181818185,50.56363636363637
2026-05-09 03:00:00,S002,Facility 2,9,0,22.766666666666666,42.644444444444446
2026-05-09 03:00:00,S003,Facility 3,7,0,20.114285714285717,60.528571428571425
2026-05-09 03:00:00,S004,Facility 4,4,1,22.025,36.85
2026-05-09 03:00:00,S005,Facility 5,7,1,21.042857142857144,57.96666666666667
2026-05-09 03:00:00,S006,Facility 6,3,1,25.266666666666666,40.43333333333333
2026-05-09 03:00:00,S007,Facility 7,8,3,24.225,48.53333333333333
2026-05-09 03:00:00,S008,Facility 8,3,0,22.0,63.13333333333333
2026-05-09 03:00:00,S009,Facility 9,6,3,20.55,42.85
2026-05-09 03:00:00,S010,Facility 10,6,1,21.916666666666668,37.46666666666667
2026-05-09 03:00:00,S011,Facility 11,8,0,20.85,69.74285714285715
2026-05-09 03:00:00,S012,Facility 12,10,1,22.31,46.611111111111114
2026-05-09 03:00:00,S013,Facility 13,8,0,20.2875,79.2
2026-05-09 03:00:00,S014,Facility 14,3,2,22.833333333333332,50.13333333333333
2026-05-09 04:00:00,S001,Facility 1,13,2,20.27692307692308,30.330000000000002
2026-05-09 04:00:00,S002,Facility 2,9,1,22.11111111111111,64.55
2026-05-09 04:00:00,S003,Facility 3,14,1,17.585714285714285,51.99230769230769
2026-05-09 04:00:00,S004,Facility 4,2,0,18.15,63.25
2026-05-09 04:00:00,S005,Facility 5,6,0,20.783333333333335,50.9
2026-05-09 04:00:00,S006,Facility 6,3,0,18.0,42.4
2026-05-09 04:00:00,S007,Facility 7,5,0,22.06,62.1
2026-05-09 04:00:00,S008,Facility 8,9,1,25.255555555555556,64.5
2026-05-09 04:00:00,S009,Facility 9,10,0,20.169999999999998,53.666666666666664
2026-05-09 04:00:00,S010,Facility 10,8,2,21.975,29.916666666666668
2026-05-09 04:00:00,S011,Facility 11,9,0,23.433333333333334,24.788888888888888
2026-05-09 04:00:00,S012,Facility 12,9,2,22.37777777777778,41.74285714285714
2026-05-09 04:00:00,S013,Facility 13,9,1,22.811111111111114,37.3625
2026-05-09 04:00:00,S014,Facility 14,8,1,21.7625,49.357142857142854
2026-05-09 05:00:00,S001,Facility 1,13,2,19.346153846153847,54.57272727272727
2026-05-09 05:00:00,S002,Facility 2,6,0,23.25,35.75
2026-05-09 05:00:00,S003,Facility 3,12,1,20.958333333333332,36.75
2026-05-09 05:00:00,S004,Facility 4,2,0,20.3,55.25
2026-05-09 05:00:00,S005,Facility 5,3,0,21.433333333333334,18.5
2026-05-09 05:00:00,S006,Facility 6,4,0,24.375,51.075
2026-05-09 05:00:00,S007,Facility 7,3,0,22.5,45.833333333333336
2026-05-09 05:00:00,S008,Facility 8,6,0,21.766666666666666,37.483333333333334
2026-05-09 05:00:00,S009,Facility 9,8,0,21.15,60.1
2026-05-09 05:00:00,S010,Facility 10,7,2,22.657142857142855,28.214285714285715
2026-05-09 05:00:00,S011,Facility 11,6,0,24.316666666666666,24.7
2026-05-09 05:00:00,S012,Facility 12,2,1,19.5,35.15
2026-05-09 05:00:00,S013,Facility 13,5,1,22.380000000000003,74.0
2026-05-09 05:00:00,S014,Facility 14,3,2,24.3,40.93333333333333
2026-05-09 06:00:00,S001,Facility 1,12,0,21.991666666666664,29.036363636363635
2026-05-09 06:00:00,S002,Facility 2,4,0,22.475,35.825
2026-05-09 06:00:00,S003,Facility 3,8,0,21.8875,48.5625
2026-05-09 06:00:00,S004,Facility 4,3,0,19.866666666666667,63.56666666666666
2026-05-09 06:00:00,S005,Facility 5,6,1,20.033333333333335,54.61666666666667
2026-05-09 06:00:00,S006,Facility 6,4,0,19.8,75.23333333333333
2026-05-09 06:00:00,S007,Facility 7,7,2,20.385714285714283,71.93333333333332
2026-05-09 06:00:00,S008,Facility 8,6,1,22.599999999999998,42.96
2026-05-09 06:00:00,S009,Facility 9,8,0,17.7,53.383333333333326
2026-05-09 06:00:00,S010,Facility 10,5,1,21.32,33.625
2026-05-09 06:00:00,S011,Facility 11,4,0,21.25,61.025000000000006
2026-05-09 06:00:00,S012,Facility 12,8,0,23.725,66.425
2026-05-09 06:00:00,S013,Facility 13,8,1,19.9125,69.0875
2026-05-09 06:00:00,S014,Facility 14,7,0,21.728571428571428,68.34285714285714
2026-05-09 07:00:00,S001,Facility 1,7,0,22.642857142857142,50.60000000000001
2026-05-09 07:00:00,S002,Facility 2,4,0,24.575,53.825
2026-05-09 07:00:00,S003,Facility 3,5,0,27.48,60.48
2026-05-09 07:00:00,S004,Facility 4,5,1,22.380000000000003,22.4
2026-05-09 07:00:00,S005,Facility 5,5,0,23.54,67.46000000000001
2026-05-09 07:00:00,S006,Facility 6,2,0,17.700000000000003,41.8
2026-05-09 07:00:00,S007,Facility 7,5,1,21.98,48.6
2026-05-09 07:00:00,S008,Facility 8,2,0,25.200000000000003,39.4
2026-05-09 07:00:00,S009,Facility 9,9,1,19.188888888888886,57.55
2026-05-09 07:00:00,S010,Facility 10,5,2,19.4,55.925
2026-05-09 07:00:00,S011,Facility 11,7,2,21.214285714285715,44.41428571428572
2026-05-09 07:00:00,S012,Facility 12,11,1,20.072727272727274,44.20909090909091
2026-05-09 07:00:00,S013,Facility 13,5,1,21.64,63.06
2026-05-09 07:00:00,S014,Facility 14,5,0,18.759999999999998,44.480000000000004
2026-05-09 08:00:00,S001,Facility 1,8,2,21.075,47.225
2026-05-09 08:00:00,S002,Facility 2,1,1,25.3,6.7
2026-05-09 08:00:00,S003,Facility 3,8,1,19.4,43.58571428571429
2026-05-09 08:00:00,S004,Facility 4,2,0,20.4,42.3
2026-05-09 08:00:00,S005,Facility 5,5,2,23.56,54.725
2026-05-09 08:00:00,S006,Facility 6,5,0,21.279999999999998,27.859999999999996
2026-05-09 08:00:00,S007,Facility 7,5,1,24.26,50.28
2026-05-09 08:00:00,S008,Facility 8,10,1,22.740000000000002,33.955555555555556
2026-05-09 08:00:00,S009,Facility 9,6,0,20.8,54.333333333333336
2026-05-09 08:00:00,S010,Facility 10,7,1,25.87142857142857,66.44285714285715
2026-05-09 08:00:00,S011,Facility 11,4,0,25.95,53.875
2026-05-09 08:00:00,S012,Facility 12,6,0,20.116666666666667,52.79999999999999
2026-05-09 08:00:00,S013,Facility 13,6,0,18.833333333333332,64.21666666666667
2026-05-09 08:00:00,S014,Facility 14,8,1,21.6,51.88333333333333
2026-05-09 09:00:00,S001,Facility 1,8,2,22.7625,42.3375
2026-05-09 09:00:00,S002,Facility 2,3,1,22.7,73.7
2026-05-09 09:00:00,S003,Facility 3,9,1,20.22222222222222,49.0
2026-05-09 09:00:00,S004,Facility 4,8,2,19.55,50.6875
2026-05-09 09:00:00,S005,Facility 5,2,0,24.25,74.4
2026-05-09 09:00:00,S006,Facility 6,3,0,24.633333333333336,67.35
2026-05-09 09:00:00,S007,Facility 7,4,1,17.924999999999997,65.55
2026-05-09 09:00:00,S008,Facility 8,7,1,22.957142857142856,46.36
2026-05-09 09:00:00,S009,Facility 9,10,1,17.86,61.1
2026-05-09 09:00:00,S010,Facility 10,7,1,20.400000000000002,48.58571428571429
2026-05-09 09:00:00,S011,Facility 11,8,2,22.5375,44.35
2026-05-09 09:00:00,S012,Facility 12,7,2,19.2,38.142857142857146
2026-05-09 09:00:00,S013,Facility 13,7,1,20.3,60.083333333333336
2026-05-09 09:00:00,S014,Facility 14,9,1,22.355555555555554,54.93333333333333
2026-05-09 10:00:00,S001,Facility 1,17,2,19.71764705882353,57.64375
2026-05-09 10:00:00,S002,Facility 2,1,0,10.3,84.2
2026-05-09 10:00:00,S003,Facility 3,7,0,18.8,49.98571428571428
2026-05-09 10:00:00,S004,Facility 4,2,0,17.950000000000003,45.8
2026-05-09 10:00:00,S005,Facility 5,2,0,16.6,39.650000000000006
2026-05-09 10:00:00,S006,Facility 6,5,0,19.78,53.58
2026-05-09 10:00:00,S007,Facility 7,8,0,23.0,45.84285714285714
2026-05-09 10:00:00,S008,Facility 8,2,0,19.25,74.65
2026-05-09 10:00:00,S009,Facility 9,10,2,21.119999999999997,56.775000000000006
2026-05-09 10:00:00,S010,Facility 10,9,5,20.77777777777778,51.91111111111111
2026-05-09 10:00:00,S011,Facility 11,5,2,21.36,67.775
2026-05-09 10:00:00,S012,Facility 12,4,0,23.2,29.025
2026-05-09 10:00:00,S013,Facility 13,8,0,19.45,42.275
2026-05-09 10:00:00,S014,Facility 14,4,0,26.2,71.425
2026-05-09 11:00:00,S001,Facility 1,6,0,23.25,52.7
2026-05-09 11:00:00,S002,Facility 2,3,0,21.733333333333334,28.400000000000002
2026-05-09 11:00:00,S003,Facility 3,6,3,26.016666666666666,51.96666666666667
2026-05-09 11:00:00,S004,Facility 4,5,0,20.240000000000002,53.160000000000004
2026-05-09 11:00:00,S005,Facility 5,3,1,15.533333333333333,81.9
2026-05-09 11:00:00,S006,Facility 6,3,0,20.133333333333333,59.666666666666664
2026-05-09 11:00:00,S007,Facility 7,9,1,23.0,41.37777777777777
2026-05-09 11:00:00,S008,Facility 8,2,0,26.4,38.349999999999994
2026-05-09 11:00:00,S009,Facility 9,12,2,19.025000000000002,42.55833333333333
2026-05-09 11:00:00,S010,Facility 10,7,0,21.085714285714285,53.9
2026-05-09 11:00:00,S011,Facility 11,10,1,21.48,53.18571428571429
2026-05-09 11:00:00,S012,Facility 12,4,0,20.475,29.65
2026-05-09 11:00:00,S013,Facility 13,5,1,22.22,42.5
2026-05-09 11:00:00,S014,Facility 14,8,2,19.55,50.775
2026-05-09 12:00:00,S001,Facility 1,12,0,20.566666666666666,61.41818181818182
2026-05-09 12:00:00,S002,Facility 2,4,0,17.85,43.349999999999994
2026-05-09 12:00:00,S003,Facility 3,8,1,21.125,76.5
2026-05-09 12:00:00,S004,Facility 4,6,0,16.78333333333333,58.2
2026-05-09 12:00:00,S005,Facility 5,3,0,17.233333333333334,74.2
2026-05-09 12:00:00,S006,Facility 6,8,2,22.15,59.75
2026-05-09 12:00:00,S007,Facility 7,2,0,16.1,32.5
2026-05-09 12:00:00,S008,Facility 8,7,0,19.442857142857143,49.457142857142856
2026-05-09 12:00:00,S009,Facility 9,4,2,20.725,82.7
2026-05-09 12:00:00,S010,Facility 10,9,0,18.966666666666665,45.55714285714286
2026-05-09 12:00:00,S011,Facility 11,10,1,21.82,50.5
2026-05-09 12:00:00,S012,Facility 12,4,0,20.75,43.4
2026-05-09 12:00:00,S013,Facility 13,11,2,19.027272727272727,52.86363636363637
2026-05-09 12:00:00,S014,Facility 14,4,1,20.275,54.425
2026-05-09 13:00:00,S001,Facility 1,11,0,22.327272727272728,57.16363636363636
2026-05-09 13:00:00,S002,Facility 2,4,0,24.275,28.275
2026-05-09 13:00:00,S003,Facility 3,11,1,19.900000000000002,47.13
2026-05-09 13:00:00,S004,Facility 4,7,0,18.657142857142855,42.0
2026-05-09 13:00:00,S005,Facility 5,1,0,18.5,5.9
2026-05-09 13:00:00,S006,Facility 6,1,0,20.0,5.0
2026-05-09 13:00:00,S007,Facility 7,6,0,22.916666666666668,41.916666666666664
2026-05-09 13:00:00,S008,Facility 8,5,0,22.759999999999998,44.08
2026-05-09 13:00:00,S009,Facility 9,9,1,21.41111111111111,60.4375
2026-05-09 13:00:00,S010,Facility 10,6,1,24.433333333333334,69.14999999999999
2026-05-09 13:00:00,S011,Facility 11,6,1,20.933333333333334,57.75
2026-05-09 13:00:00,S012,Facility 12,6,0,18.833333333333332,25.883333333333336
2026-05-09 13:00:00,S013,Facility 13,4,0,22.025,68.7
2026-05-09 13:00:00,S014,Facility 14,6,1,21.733333333333334,56.583333333333336
2026-05-09 14:00:00,S002,Facility 2,1,0,26.7,28.8
2026-05-09 14:00:00,S003,Facility 3,1,0,18.6,97.9
2026-05-09 14:00:00,S004,Facility 4,2,1,19.7,24.6
2026-05-09 14:00:00,S005,Facility 5,1,0,26.3,41.4
2026-05-09 14:00:00,S006,Facility 6,1,0,12.0,10.1
2026-05-09 14:00:00,S007,Facility 7,3,1,23.099999999999998,40.75
2026-05-09 14:00:00,S008,Facility 8,3,0,28.0,50.76666666666667
2026-05-09 14:00:00,S009,Facility 9,3,0,17.833333333333332,50.05
2026-05-09 14:00:00,S010,Facility 10,1,0,13.7,46.2
2026-05-09 14:00:00,S011,Facility 11,1,0,14.4,
2026-05-09 14:00:00,S012,Facility 12,1,0,31.9,9.1
